Book Id,Title,Author,Author l-f,Additional Authors,ISBN,ISBN13,My Rating,Publisher,Binding,Number of Pages,Year Published,Original Publication Year,Date Read,Date Added,Bookshelves,Bookshelves with positions,Exclusive Shelf,My Review,Spoiler,Private Notes,Read Count,Owned Copies
23986891,Mastering 'Metrics: The Path from Cause to Effect,Joshua D. Angrist,"Angrist, Joshua D.",Jörn-Steffen Pischke,"=""1400852382""","=""9781400852383""",0,Princeton University Press,Kindle Edition,293,2014,2014,,2026/09/30,currently-reading,currently-reading (#17),currently-reading,,,,1,0
60321447,Chip War: The Fight for the World's Most Critical Technology,Chris   Miller,"Miller, Chris",,"=""1982172002""","=""9781982172008""",5.0,Scribner,Hardcover,431,2022,2022,2024/12/23,2024/04/03,,,read,,,,2,0
54493401,Project Hail Mary,Andy Weir,"Weir, Andy",,"=""0593135202""","=""9780593135204""",4.0,Ballantine Books,Hardcover,476,2021,2021,2026/09/26,2023/02/08,,,read,,,,1,0
128429,Against the Gods: The Remarkable Story of Risk,Peter L. Bernstein,"Bernstein, Peter L.",,"=""0471295639""","=""9780471295631""",5.0,Wiley,Paperback,400,1998,1996,2026/09/03,2026/03/02,,,read,,,,1,0
41881472,"The Psychology of Money: Timeless Lessons on Wealth, Greed, and Happiness",Morgan Housel,"Housel, Morgan",,"=""""","=""""",5.0,Harriman House,Paperback,242,2020,2020,2021/01/16,2021/01/11,favorites,favorites (#11),read,"The content of this book isn't that much different from what Morgan Housel says during his numerous interviews and talk (actually there's that much original here, you can find most of the content on YouTube).<br/><br/>Nevertheless, this book is still amazing. Housel is able to give an extremely in depth perspective in investors mind while keeping a super easy going writing narrative. The book is structured in 20 different chapters and each chapter focuses on a different aspect of human/investor mind. <br/><br/>The book doesn't really give practical advises on which stock or ETF to buy, but instead explain HOW you should behave (and why not to worry that much) when buying stocks or ETF. I wish I had discovered this book before.  ",,,2,0
34941133,Principles: Life and Work,Ray Dalio,"Dalio, Ray",,"=""""","=""""",0,Avid Reader Press / Simon & Schuster,Kindle Edition,592,2017,2017,,2026/08/17,currently-reading,currently-reading (#16),currently-reading,,,,1,0
34536546,Principles: Life and Work,Ray Dalio,"Dalio, Ray",,"=""1501124021""","=""9781501124020""",0,Avid Reader Press / Simon & Schuster,Hardcover,592,2017,2017,,2026/08/11,currently-reading,currently-reading (#15),currently-reading,,,,1,0
25812847,The Silk Roads: A New History of the World,Peter Frankopan,"Frankopan, Peter",,"=""1408839970""","=""9781408839973""",0,Bloomsbury,Hardcover,636,2015,2015,,2026/08/17,to-read,to-read (#421),to-read,,,,0,0
148000989,Wool,Hugh Howey,"Howey, Hugh",Giulio Lupieri,"=""8834743857""","=""9788834743850""",4.0,Fanucci,Paperback,468,2023,2012,2026/08/11,2026/08/04,,,read,,,,1,0
45024007,The Singularity Is Nearer: When We Merge with AI,Ray Kurzweil,"Kurzweil, Ray",,"=""0399562761""","=""9780399562761""",5.0,Viking,Hardcover,432,2024,2024,2026/08/11,2026/06/17,,,read,,,,1,0
18077903,"Creativity, Inc.: Overcoming the Unseen Forces That Stand in the Way of True Inspiration",Ed Catmull,"Catmull, Ed",Amy    Wallace,"=""0812993012""","=""9780812993011""",2.0,Random House,Hardcover,368,2014,2014,2026/07/23,2025/08/25,,,read,,,,1,0
182093167,"The Innovator's Dilemma, with a New Foreword: When New Technologies Cause Great Firms to Fail",Clayton M. Christensen,"Christensen, Clayton M.",,"=""1647826764""","=""9781647826765""",4.0,Harvard Business Review Press,Hardcover,320,2024,1997,2026/07/21,2020/04/14,,,read,,,,1,0
1111,The Power Broker: Robert Moses and the Fall of New York,Robert A. Caro,"Caro, Robert A.",,"=""0394720245""","=""9780394720241""",0,Vintage Books,Paperback,1246,1975,1974,,2026/03/14,did-not-finish,did-not-finish (#3),did-not-finish,,,,1,0
75665850,Clear Thinking: Turning Ordinary Moments into Extraordinary Results,Shane Parrish,"Parrish, Shane",,"=""0593086112""","=""9780593086124""",5.0,Portfolio,Kindle Edition,284,2023,2023,2026/06/15,2024/04/03,,,read,,,,1,0
4099,The Pragmatic Programmer: From Journeyman to Master,Andy   Hunt,"Hunt, Andy","Dave         Thomas, Ward Cunningham","=""020161622X""","=""9780201616224""",5.0,Addison-Wesley Professional,Paperback,321,1999,1999,2024/06/21,2024/06/11,currently-reading,currently-reading (#14),currently-reading,Must read for every IT professional; plenty of practical and effective tips from experienced and influential developers,,,2,0
16256798,The One Thing: The Surprisingly Simple Truth Behind Extraordinary Results,Gary Keller,"Keller, Gary",Jay Papasan,"=""1885167776""","=""9781885167774""",0,Bard Press,Hardcover,240,2013,2012,,2026/05/19,to-read,to-read (#420),to-read,,,,0,0
29939161,Radical Candor: Be a Kickass Boss Without Losing Your Humanity,Kim Malone Scott,"Scott, Kim Malone",,"=""1250103509""","=""9781250103505""",4.0,St. Martin's Press,Hardcover,336,2017,2017,2026/05/19,2026/03/30,,,read,,,,1,0
10672848,"The Theory That Would Not Die: How Bayes' Rule Cracked the Enigma Code, Hunted Down Russian Submarines, and Emerged Triumphant from Two Centuries of Controversy",Sharon Bertsch McGrayne,"McGrayne, Sharon Bertsch",,"=""0300169698""","=""9780300169690""",5.0,Yale University Press,Hardcover,336,2011,2011,2026/05/17,2025/11/04,,,read,,,,1,0
54898389,The Almanack of Naval Ravikant: A Guide to Wealth and Happiness,Eric Jorgenson,"Jorgenson, Eric","Timothy Ferriss, Naval Ravikant","=""""","=""9781544514208""",4.0,Magrathea Publishing,Kindle Edition,244,2020,2020,2026/05/12,2022/03/13,,,read,,,,1,0
55293491,Macroeconomics,Olivier J. Blanchard,"Blanchard, Olivier J.",,"=""1292351470""","=""9781292351476""",0,Pearson,Paperback,539,2020,1991,,2025/12/07,did-not-finish,did-not-finish (#2),did-not-finish,,,,1,0
59092023,"Sloman, Garratt & Guest Economics 11e",John Sloman,"Sloman, John","Dean Garratt, Jon Guest","=""1292405333""","=""9781292405339""",0,Pearson,Paperback,1008,2021,2009,,2025/11/25,did-not-finish,did-not-finish (#1),did-not-finish,,,,1,0
176444106,Abundance,Ezra Klein,"Klein, Ezra",Derek   Thompson,"=""1668023482""","=""9781668023488""",3.0,Avid Reader Press / Simon & Schuster,Hardcover,304,2025,2025,2026/05/06,2026/03/14,,,read,,,,1,0
231148075,The Art of Spending Money: Simple Choices for a Richer Life,Morgan Housel,"Housel, Morgan",,"=""0593716620""","=""9780593716625""",0,Portfolio,Hardcover,233,2025,2025,,2026/04/28,to-read,to-read (#419),to-read,,,,0,0
46120611,Anthem: AOG Annotated Edition,Ayn Rand,"Rand, Ayn",James C. Barnes,"=""""","=""""",4.0,AOG,Kindle Edition,66,2019,1938,2026/04/28,2026/03/30,,,read,,,,1,0
40277241,Brief Answers to the Big Questions,Stephen W. Hawking,"Hawking, Stephen W.",,"=""1984819194""","=""9781984819192""",2.0,Bantam,Hardcover,256,2018,2018,2026/04/27,2026/04/21,,,read,,,,1,0
34662779,The Entrepreneurial State,Mariana Mazzucato,"Mazzucato, Mariana",,"=""0141986107""","=""9780141986104""",3.0,Penguin,Paperback,304,2018,2011,2026/04/21,2025/12/07,,,read,,,,1,0
59616977,Building a Second Brain: A Proven Method to Organize Your Digital Life and Unlock Your Creative Potential,Tiago Forte,"Forte, Tiago",,"=""1982167386""","=""9781982167387""",3.0,Simon Element / Simon Acumen,Hardcover,272,2022,2022,2026/04/16,2022/06/22,,,read,,,,1,0
240493209,The Last Economy: A Guide to the Age of Intelligent Economics,Emad Mostaque,"Mostaque, Emad",,"=""""","=""""",0,Intelligent Internet,Kindle Edition,239,2025,,,2026/04/09,currently-reading,currently-reading (#13),currently-reading,,,,1,0
60643059,The Network State: How To Start a New Country,Balaji S. Srinivasan,"Srinivasan, Balaji S.",,"=""""","=""""",0,Amazon Kindle,Kindle Edition,262,2022,,,2026/04/09,currently-reading,currently-reading (#12),currently-reading,,,,1,0
59205150,Game Theory: Understanding the Mathematics of Life,Brian Clegg,"Clegg, Brian",,"=""1785788329""","=""9781785788321""",3.0,Icon Books,Paperback,176,2022,,2026/03/30,2026/03/23,,,read,,,,1,0
56587388,"How the World Really Works: A Scientist's Guide to Our Past, Present and Future",Vaclav Smil,"Smil, Vaclav",,"=""0241454409""","=""9780241454404""",0,Viking,Paperback,326,2022,2022,,2026/03/14,to-read,to-read (#418),to-read,,,,0,0
4069,Man's Search for Meaning,Viktor E. Frankl,"Frankl, Viktor E.","Harold S. Kushner, William J. Winslade, Ilse Lasch","=""080701429X""","=""9780807014295""",4.0,Beacon Press,Paperback,165,2006,1946,2026/01/06,2021/08/19,,,read,,,,1,0
44245196,The Great Mental Models: General Thinking Concepts,Shane Parrish,"Parrish, Shane",Rhiannon Beaubien,"=""""","=""""",5.0,Latticework Publishing Inc.,Audiobook,216,2019,2018,2026/03/14,2026/03/14,,,read,,,,1,0
34466963,Why We Sleep: Unlocking the Power of Sleep and Dreams,Matthew Walker,"Walker, Matthew",,"=""""","=""""",3.0,Scribner,Hardcover,368,2017,2017,2025/12/07,2021/08/29,,,read,,,,1,0
1303,The 48 Laws of Power,Robert Greene,"Greene, Robert",,"=""0140280197""","=""9780140280197""",0,Penguin Books,Paperback,452,2000,1999,,2020/04/14,currently-reading,currently-reading (#11),currently-reading,,,,1,0
106350,The Lady Tasting Tea: How Statistics Revolutionized Science in the Twentieth Century,David Salsburg,"Salsburg, David",,"=""0805071342""","=""9780805071344""",5.0,Holt Paperbacks,Paperback,352,2002,2001,2025/11/04,2025/11/04,,,read,,,,1,0
41818039,Brave New World / Brave New World Revisited,Aldous Huxley,"Huxley, Aldous",,"=""""","=""""",0,,Audiobook,,,1932,,2022/10/25,to-read,to-read (#347),to-read,,,,0,0
33852071,The Triathlete's Training Bible: The World's Most Comprehensive Training Guide,Joe Friel,"Friel, Joe",,"=""1937716848""","=""9781937716844""",0,VeloPress Books,Kindle Edition,609,2016,1998,,2025/07/29,to-read,to-read (#417),to-read,,,,0,0
51822903,Il genio non esiste. E a volte è un idiota,Barbascura X,"X, Barbascura",,"=""8899684693""","=""9788899684693""",0,Tlön,Paperback,300,2020,2020,,2021/07/25,currently-reading,currently-reading (#10),currently-reading,,,,1,0
41973814,Il macigno,Carlo Cottarelli,"Cottarelli, Carlo",,"=""8807890518""","=""9788807890512""",4.0,Feltrinelli,Paperback,176,2018,,2025/07/16,2025/07/15,,,read,,,,1,0
55495634,L’investitore intelligente: Aggiornata con i nuovi commenti di Jason Zweig (Italian Edition),Benjamin Graham,"Graham, Benjamin",,"=""8820398338""","=""9788820398330""",5.0,Hoepli,Kindle Edition,624,2020,1949,2025/07/07,2019/01/03,,,read,,,,1,0
201157130,Get Scalable: The Operating System Your Business Needs To Run and Scale Without You,Ryan Deiss,"Deiss, Ryan",,"=""""","=""9798988673712""",0,The Scalable Company,Kindle Edition,212,2023,2023,2025/05/28,2025/05/28,,,read,,,,1,0
9654524,Il giocatore,Fyodor Dostoevsky,"Dostoevsky, Fyodor",Fëdor Dostoevskij,"=""8879837958""","=""9788879837958""",0,Newton Compton,Paperback,157,2002,1866,,2022/01/25,to-read,to-read (#416),to-read,,,,1,0
26524721,The Problems of Contemporary Philosophy: A Critical Guide for the Unaffiliated,Paul Livingston,"Livingston, Paul",Andrew Cutrofello,"=""1509501444""","=""9781509501441""",0,Imprint unknown,Paperback,224,2015,2015,,2022/10/21,"philosophy, history, to-read","philosophy (#14), history (#11), to-read (#415)",to-read,,,,1,0
24309153,Memorie di Adriano. Seguite da Taccuini di appunti,Marguerite Yourcenar,"Yourcenar, Marguerite",Lidia Storoni Mazzolani,"=""8806219715""","=""9788806219710""",0,Einaudi,Paperback,335,2014,1951,,2023/12/28,to-read,to-read (#414),to-read,,,,1,0
926785,Il mondo di Sofia. Romanzo sulla storia della filosofia,Jostein Gaarder,"Gaarder, Jostein",Margherita Podestà Heir,"=""8830412309""","=""9788830412309""",0,Longanesi,Hardcover,557,1994,1991,,2021/01/15,to-read,to-read (#413),to-read,,,,1,0
21343,The Five Dysfunctions of a Team,Patrick Lencioni,"Lencioni, Patrick",,"=""0787960756""","=""9780787960759""",0,FisicalBook,Paperback,228,2011,2002,2025/05/28,2025/05/06,,,read,,,,1,0
25242034,The Science of Lifting,Greg Nuckols,"Nuckols, Greg",Omar Isuf,"=""""","=""""",0,,ebook,98,2015,2015,,2025/01/06,to-read,to-read (#412),to-read,,,,1,0
18736925,Capital in the Twenty First Century,Thomas Piketty,"Piketty, Thomas",Arthur Goldhammer,"=""067443000X""","=""9780674430006""",0,Belknap Press: An Imprint of Harvard University Press,Hardcover,685,2014,2013,,2020/02/06,to-read,to-read (#411),to-read,,,,1,0
161302,Refactoring Databases: Evolutionary Database Design,Scott W. Ambler,"Ambler, Scott W.",Pramod J. Sadalage,"=""0321293533""","=""9780321293534""",0,Addison-Wesley Professional,Hardcover,350,2006,2006,,2024/03/06,to-read,to-read (#410),to-read,,,,1,0
55647909,"Programming in Lua, fourth edition by Roberto Ierusalimschy, Lua.Org",Roberto Ierusalimschy,"Ierusalimschy, Roberto",,"=""""","=""""",0,Lua.Org,ebook,,,,,2025/05/06,currently-reading,currently-reading (#9),currently-reading,,,,1,0
58661468,Crafting Interpreters,Robert Nystrom,"Nystrom, Robert",,"=""0990582930""","=""9780990582939""",0,Genever Benning ,Paperback,640,2021,2021,,2025/01/06,currently-reading,currently-reading (#8),currently-reading,,,,1,0
25241855,The Art of Lifting,Greg Nuckols,"Nuckols, Greg",Omar Isuf,"=""""","=""""",0,,ebook,108,2015,2015,,2025/01/06,currently-reading,currently-reading (#7),currently-reading,,,,1,0
55145261,The Anthropocene Reviewed: Essays on a Human-Centered Planet,John  Green,"Green, John",,"=""0525555218""","=""9780525555216""",0,Dutton,Hardcover,304,2021,2021,,2022/01/16,to-read,to-read (#249),to-read,,,,0,0
157981748,Supercommunicators: How to Unlock the Secret Language of Connection,Charles Duhigg,"Duhigg, Charles",,"=""""","=""""",0,Random House,Hardcover,320,2024,2024,,2024/12/23,to-read,to-read (#409),to-read,,,,0,0
3940247,Così parlò Zarathustra. Un libro per tutti e per nessuno,Friedrich Nietzsche,"Nietzsche, Friedrich","Mazzino Montinari, Giorgio Colli","=""8845906558""","=""9788845906558""",5.0,Adelphi,Paperback,432,1976,1883,2024/12/20,2024/09/28,,,read,,,,1,0
23692271,Sapiens: A Brief History of Humankind,Yuval Noah Harari,"Harari, Yuval Noah",,"=""""","=""""",5.0,Vintage,Paperback,512,2015,2011,2024/11/26,2019/12/20,,,read,,,,1,0
13629,The Mythical Man-Month: Essays on Software Engineering,Frederick P. Brooks Jr.,"Jr., Frederick P. Brooks",,"=""0201835959""","=""9780201835953""",0,Addison-Wesley Professional,Paperback,322,1995,1975,,2024/11/20,to-read,to-read (#408),to-read,,,,0,0
9785064,Tutti pazzi per Gödel!: La guida completa al teorema d'incompletezza,Francesco Berto,"Berto, Francesco",,"=""8842085901""","=""9788842085904""",3.0,Laterza,Paperback,270,2008,2008,2024/10/17,2020/04/14,,,read,,,,1,0
905,The Inner Game of Tennis: The Classic Guide to the Mental Side of Peak Performance,W. Timothy Gallwey,"Gallwey, W. Timothy","Pete Carroll, Zach Kleiman","=""0679778314""","=""9780679778318""",2.0,Random House Trade Paperbacks,Paperback,134,1997,1974,2024/10/14,2024/08/13,,,read,,,,1,0
451720,Mind Gym: An Athlete's Guide to Inner Excellence,Gary Mack,"Mack, Gary",,"=""0071395970""","=""9780071395977""",2.0,McGraw Hill,Paperback,224,2002,2001,2024/10/14,2024/10/11,,,read,,,,1,0
12137905,Il cervello,Carlo Umiltà,"Umiltà, Carlo",,"=""8815149260""","=""9788815149268""",3.0,il Mulino,Paperback,144,2011,2011,2024/10/03,2024/10/01,,,read,,,,1,0
44333183,The Unicorn Project,Gene Kim,"Kim, Gene",,"=""1942788762""","=""9781942788768""",0,IT Revolution,Hardcover,352,2019,2019,,2024/09/28,currently-reading,currently-reading (#6),currently-reading,,,,1,0
76865,Good to Great: Why Some Companies Make the Leap... and Others Don't,Jim Collins,"Collins, Jim",,"=""0066620996""","=""9780066620992""",4.0,Harper Business,Hardcover,300,2001,2001,2024/09/26,2020/04/14,,,read,,,,1,1
3414310,Lo Zen e il tiro con l’arco,Eugen Herrigel,"Herrigel, Eugen","Daisez T. Suzuki, Gabriella Bemporad","=""8845901777""","=""9788845901775""",2.0,Adelphi,Paperback,100,1975,1948,2024/09/23,2024/09/23,,,read,,,,1,0
27201213,The Undercover Economist,Tim Harford,"Harford, Tim",,"=""""","=""""",5.0,Abacus,Paperback,368,2007,2005,2024/09/19,2024/09/05,,,read,,,,1,0
123627807,Crossings: How Road Ecology Is Shaping the Future of Our Planet,Ben  Goldfarb,"Goldfarb, Ben",,"=""1324005890""","=""9781324005896""",0,W. W. Norton & Company,Hardcover,384,2023,2023,,2024/09/12,to-read,to-read (#407),to-read,,,,0,0
4005310,Why Evolution Is True,Jerry A. Coyne,"Coyne, Jerry A.",,"=""0670020532""","=""9780670020539""",0,Viking,Hardcover,282,2009,2008,,2024/09/12,to-read,to-read (#406),to-read,,,,0,0
35721140,Liquid Rules: The Delightful and Dangerous Substances That Flow Through Our Lives,Mark Miodownik,"Miodownik, Mark",,"=""054485019X""","=""9780544850194""",0,Mariner Books,Hardcover,256,2019,2018,,2024/09/12,to-read,to-read (#405),to-read,,,,0,0
17349,The Demon-Haunted World: Science as a Candle in the Dark,Carl Sagan,"Sagan, Carl",Ann Druyan,"=""0345409469""","=""9780345409461""",0,Ballantine Books,Paperback,459,1997,1995,,2024/09/12,to-read,to-read (#404),to-read,,,,0,0
62586006,The Good Virus: The Amazing Story and Forgotten Promise of the Phage,Tom  Ireland,"Ireland, Tom",,"=""1324050837""","=""9781324050834""",0,W. W. Norton & Company,Hardcover,400,2023,2023,,2024/09/12,to-read,to-read (#403),to-read,,,,0,0
62050269,"A Brief History of Intelligence: Evolution, AI, and the Five Breakthroughs That Made Our Brains",Max Solomon Bennett,"Bennett, Max Solomon",,"=""""","=""""",0,Mariner Books,Hardcover,432,2023,2023,,2024/09/12,to-read,to-read (#402),to-read,,,,0,0
195790601,"When the Clock Broke: Con Men, Conspiracists, and How America Cracked Up in the Early 1990s",John Ganz,"Ganz, John",,"=""0374605440""","=""9780374605445""",0,"Farrar, Straus and Giroux",Hardcover,420,2024,2024,,2024/09/12,to-read,to-read (#401),to-read,,,,0,0
177058906,"Fluke: Chance, Chaos, and Why Everything We Do Matters",Brian Klaas,"Klaas, Brian",,"=""""","=""""",0,Scribner,Kindle Edition,335,2024,2024,,2024/09/12,to-read,to-read (#400),to-read,,,,0,0
61089520,The Man from the Future: The Visionary Ideas of John von Neumann,Ananyo Bhattacharya,"Bhattacharya, Ananyo",,"=""1324050500""","=""9781324050506""",0,W. W. Norton & Company,Paperback,368,2023,2021,,2024/09/12,to-read,to-read (#399),to-read,,,,0,0
18050010,"The Champion's Mind: How Great Athletes Think, Train, and Thrive",Jim Afremow,"Afremow, Jim",,"=""1623361486""","=""9781623361488""",4.0,Rodale Books,Hardcover,288,2014,,2024/09/09,2024/08/13,,,read,"This is a typical self-help book that could have been condensed into a way shorter version where the main message(s) is diluted into 250 pages that could have been easily 80.<br/><br/>The book remain nonetheless a relaxing and entertaining book, guiding through the psychological steps to achieve the so-called ""peak performance"".<br/><br/>The book is divided into 10 chapters and every chapter provides a somehow similar piece of advice for preparing to whichever adversity life puts forward, be it a competition, an exam, or simply a personal grind. <br/><br/>The main takeaways of the book are:<br/>- Goal Setting<br/>- Mental Imagery: visualize in your mind yourself performing<br/>- Self-talk: positively and effectively talk to yourself<br/>- Confidence: assume an ""I can do it"" attitude<br/>- Focus: stay in the moment, not on later, not on the past. Do your best in the moment. <br/>- Breath Control<br/>- Mental Toughness: especially in adversity remember to not skip the difficult choices<br/>- Anxiety Management: stress and anxiety are not negative, they're the feelings that help you perform and tell you that what you're doing is important<br/>- Enjoyment: remember to have fun while you train <br/>- Body Language: you're carrying with you the future champion<br/>- Intensity: face every situation with the right body energy<br/>- Personal Affirmation: repeat your motivational routine speech",,,1,1
13589999,Database Design and Relational Theory: Normal Forms and All That Jazz,C.J. Date,"Date, C.J.",,"=""1449328016""","=""9781449328016""",0,O'Reilly Media,Paperback,274,2012,2012,,2024/06/12,to-read,to-read (#398),to-read,,,,1,0
44647144,Database Internals: A deep-dive into how distributed data systems work,Alex Petrov,"Petrov, Alex",,"=""1492040347""","=""9781492040347""",0,O'Reilly Media,Paperback,376,2019,,,2024/07/18,to-read,to-read (#397),to-read,,,,1,0
179133,Domain-Driven Design: Tackling Complexity in the Heart of Software,Eric Evans,"Evans, Eric",,"=""0321125215""","=""9780321125217""",5.0,Addison-Wesley Professional,Hardcover,529,2003,2003,2024/09/06,2024/03/21,,,read,,,,1,0
57573212,Learning Domain-Driven Design: Aligning Software Architecture and Business Strategy,Vlad Khononov,"Khononov, Vlad",,"=""1098100131""","=""9781098100131""",5.0,O'Reilly Media,Paperback,314,2021,2021,2024/09/05,2024/08/29,,,read,,,,1,1
202373850,"Fitopolis, la città vivente",Stefano Mancuso,"Mancuso, Stefano",,"=""8858152603""","=""9788858152607""",0,Laterza,Paperback,164,2023,2025,,2024/09/04,to-read,to-read (#396),to-read,,,,0,0
60500878,Mattatoio n. 5,Kurt Vonnegut Jr.,"Jr., Kurt Vonnegut",,"=""""","=""""",3.0,Feltrinelli Editore,Paperback,208,2014,1969,2024/09/02,2022/08/24,,,read,,,,1,1
199798785,Challenger: A True Story of Heroism and Disaster on the Edge of Space,Adam Higginbotham,"Higginbotham, Adam",,"=""198217661X""","=""9781982176617""",0,Avid Reader Press / Simon & Schuster,Hardcover,563,2024,2024,,2024/09/02,to-read,to-read (#395),to-read,,,,0,0
51801261,The World According to Physics,Jim Al-Khalili,"Al-Khalili, Jim",,"=""0691182302""","=""9780691182308""",0,Princeton University Press,Hardcover,304,2020,2020,,2024/08/30,to-read,to-read (#394),to-read,,,,0,0
4610,Catch-22,Joseph Heller,"Heller, Joseph",,"=""0099477319""","=""9780099477310""",0,Vintage Books,Paperback,570,1994,1961,,2024/08/29,to-read,to-read (#393),to-read,,,,0,0
35747076,Accelerate: Building and Scaling High Performing Technology Organizations,Nicole Forsgren,"Forsgren, Nicole","Jez Humble, Gene Kim","=""1942788339""","=""9781942788331""",4.0,IT Revolution,Paperback,288,2018,,2024/08/28,2024/08/23,,,read,,,,1,1
42840001,L'incredibile viaggio delle piante,Stefano Mancuso,"Mancuso, Stefano",,"=""8858133323""","=""9788858133323""",0,Laterza,Hardcover,144,2018,2018,,2024/08/28,to-read,to-read (#392),to-read,,,,0,0
2927628,Il giro del mondo in 80 giorni,Jules Verne,"Verne, Jules","Luigi Malerba, Augusto Donaudy, Alphonse de Neuville, Léon Benett","=""""","=""""",5.0,Biblioteca Univ. Rizzoli,Paperback,285,2007,1872,2021/01/07,2021/01/05,favorites,favorites (#10),read,,,,1,0
126918411,"How to Win Friends and Influence Fungi: Collected Quirks of Science, Tech, Engineering, and Math from Nerd Nite",Chris Balakrishnan,"Balakrishnan, Chris",Matt Wasowski,"=""1250288347""","=""9781250288349""",0,St. Martin's Press,Hardcover,320,2024,2024,,2024/08/14,to-read,to-read (#391),to-read,,,,0,0
56199402,"Read People Like a Book: How to Analyze, Understand, and Predict People’s Emotions, Thoughts, Intentions, and Behaviors",Patrick King,"King, Patrick",,"=""""","=""""",0,Big Mind LLC,Kindle Edition,277,2020,2020,,2024/08/13,to-read,to-read (#390),to-read,,,,0,0
197773418,Slow Productivity: The Lost Art of Accomplishment Without Burnout,Cal Newport,"Newport, Cal",,"=""0593544854""","=""9780593544853""",0,Portfolio,Hardcover,244,2024,2024,,2024/08/13,to-read,to-read (#389),to-read,,,,0,0
61327449,"How Big Things Get Done: The Surprising Factors That Determine the Fate of Every Project, from Home Renovations to Space Exploration and Everything In Between",Bent Flyvbjerg,"Flyvbjerg, Bent",Dan Gardner,"=""0593239512""","=""9780593239513""",0,Crown Currency,Hardcover,304,2023,2023,,2024/08/13,to-read,to-read (#388),to-read,,,,0,0
157095669,Hidden Potential: The Science of Achieving Greater Things,Adam M. Grant,"Grant, Adam M.",,"=""0593653149""","=""9780593653142""",0,Viking,Hardcover,304,2023,2023,,2024/08/13,to-read,to-read (#387),to-read,,,,0,0
85009,Design Patterns: Elements of Reusable Object-Oriented Software,Erich Gamma,"Gamma, Erich","Grady Booch, Richard Helm, Ralph Johnson, John Vlissides","=""0201633612""","=""9780201633610""",0,Addison-Wesley Professional,Hardcover,416,1994,1994,,2024/08/13,to-read,to-read (#386),to-read,,,,0,0
55010062,Nietzsche. L'apolide dell'esistenza,Massimo Fini,"Fini, Massimo",,"=""8829703923""","=""9788829703920""",0,Feltrinelli - Marsilio,Paperback,413,2020,2009,,2024/08/13,to-read,to-read (#385),to-read,,,,0,0
78330261,"Il libro delle misure. Ampere, voxel, chilotoni e altre mirabili unità",Christopher Joseph,"Joseph, Christopher",,"=""""","=""""",0,L'ippocampo,Hardcover,224,2023,,,2024/08/13,to-read,to-read (#384),to-read,,,,0,0
163333,The Mental Game of Baseball: A Guide to Peak Performance,H.A. Dorfman,"Dorfman, H.A.",Karl Kuehl,"=""1888698543""","=""9781888698541""",0,Diamond Communications,Paperback,360,2002,1989,,2024/08/13,to-read,to-read (#383),to-read,,,,0,0
39996759,A Philosophy of Software Design,John Ousterhout,"Ousterhout, John",,"=""1732102201""","=""9781732102200""",5.0,Yaknyam Press,Paperback,190,2018,2018,2024/08/12,2024/07/24,,,read,,,,1,1
33369254,The Manager's Path: A Guide for Tech Leaders Navigating Growth and Change,Camille Fournier,"Fournier, Camille",,"=""1491973897""","=""9781491973899""",3.0,O'Reilly Media,Paperback,226,2017,2017,2024/08/10,2022/06/08,,,read,,,,1,0
1173576,What Every Body is Saying: An Ex-FBI Agent's Guide to Speed-Reading People,Joe Navarro,"Navarro, Joe",Marvin Karlins,"=""0061438294""","=""9780061438295""",0,Collins,Paperback,250,2008,2008,,2024/08/05,to-read,to-read (#382),to-read,,,,0,0
3735293,Clean Code: A Handbook of Agile Software Craftsmanship,Robert C. Martin,"Martin, Robert C.",,"=""0132350882""","=""9780132350884""",0,Prentice Hall,Paperback,431,2008,2007,,2024/07/24,to-read,to-read (#381),to-read,,,,0,0
18803644,Hardwiring Happiness,Rick     Hanson,"Hanson, Rick",,"=""1846043573""","=""9781846043574""",2.0,Random House,Paperback,304,2014,2013,2024/07/17,2024/07/05,,,read,,,,1,1
44135420,Team Topologies: Organizing Business and Technology Teams for Fast Flow,Matthew    Skelton,"Skelton, Matthew",Manuel Pais,"=""1942788827""","=""9781942788829""",5.0,It Revolution Press,ebook,240,2019,2019,2024/07/16,2022/10/24,,,read,,,,1,0
51770484,A Place For Everything: The Curious History of Alphabetical Order,Judith Flanders,"Flanders, Judith",,"=""150988159X""","=""9781509881598""",0,Picador,Kindle Edition,412,2020,2020,,2024/07/16,to-read,to-read (#380),to-read,,,,0,0
3564333,Le Cosmicomiche,Italo Calvino,"Calvino, Italo",,"=""""","=""""",0,A. Mondadori,Paperback,160,1993,1965,,2024/07/08,to-read,to-read (#379),to-read,,,,0,0
40528036,The Secret Network of Nature: The Delicate Balance of All Living Things,Peter Wohlleben,"Wohlleben, Peter",,"=""""","=""""",3.0,Vintage Digital,Kindle Edition,274,2018,2017,2024/07/05,2024/06/25,,,read,,,,1,0
58153482,Software Architecture: The Hard Parts: Modern Trade-Off Analyses for Distributed Architectures,Neal Ford,"Ford, Neal","Mark Richards, Pramod J. Sadalage, Zhamak Dehghani","=""1492086894""","=""9781492086895""",5.0,O'Reilly Media,Paperback,459,2021,2021,2024/07/04,2024/06/17,,,read,,,,1,1
30846787,Lezioni americane,Italo Calvino,"Calvino, Italo",,"=""8804668377""","=""9788804668374""",3.0,Mondadori,Paperback,151,2016,1988,2024/06/20,2024/06/20,,,read,,,,1,0
54109255,System Design Interview – An insider's guide,Alex Xu,"Xu, Alex",,"=""""","=""""",4.0,Byte Code LLC,Kindle Edition,324,2020,2020,2024/06/28,2024/02/01,,,read,,,,1,0
40745,Mindset: The New Psychology of Success,Carol S. Dweck,"Dweck, Carol S.",,"=""""","=""""",0,Random House,Hardcover,276,2006,2006,,2024/06/27,to-read,to-read (#378),to-read,,,,0,0
29502362,The Value of Everything: Making and Taking in the Global Economy,Mariana Mazzucato,"Mazzucato, Mariana",,"=""161039674X""","=""9781610396745""",0,PublicAffairs,Hardcover,384,2018,2018,,2024/06/26,to-read,to-read (#377),to-read,,,,0,0
214571974,Oltre l'invisibile. Dove scienza e spiritualità si uniscono,Federico Faggin,"Faggin, Federico",,"=""8804791055""","=""9788804791058""",0,Mondadori,Hardcover,304,2024,,,2024/06/20,to-read,to-read (#376),to-read,,,,0,0
35604658,"The Disappearing Spoon: And Other True Tales of Rivalry, Adventure, and the History of the World from the Periodic Table of the Elements (Young Readers Edition)",Sam Kean,"Kean, Sam",,"=""0316388289""","=""9780316388283""",5.0,"Little, Brown Books for Young Readers",Hardcover,240,2018,2010,,2022/08/24,,,read,,,,2,0
45439292,Silicio,Federico Faggin,"Faggin, Federico",,"=""8804712589""","=""9788804712589""",0,Mondadori,Hardcover,305,2019,,,2024/06/15,to-read,to-read (#375),to-read,,,,0,0
42653594,Surrounded by Idiots: The Four Types of Human Behaviour,Thomas Erikson,"Erikson, Thomas",,"=""1785042181""","=""9781785042188""",2.0,Vermilion,Paperback,288,2019,2014,2024/06/06,2024/05/23,,,read,,,,1,0
3828902,Thinking In Systems: A Primer,Donella H. Meadows,"Meadows, Donella H.",Diana Wright,"=""1603580557""","=""9781603580557""",5.0,Chelsea Green Publishing,Paperback,218,2008,2008,2024/06/05,2022/10/08,,,read,,,,1,1
179541467,Team: Getting Things Done with Others,David    Allen,"Allen, David",Edward Lamont,"=""0593652916""","=""9780593652916""",0,Viking,Kindle Edition,336,2024,2024,,2024/06/04,to-read,to-read (#374),to-read,,,,0,0
32326945,What If It Does Work Out?,Susie Moore,"Moore, Susie",,"=""""","=""""",0,,Kindle Edition,220,2016,,,2020/08/03,to-read,to-read (#91),to-read,,,,0,0
11258606,About Time: Cosmology and Culture at the Twilight of the Big Bang,Adam Frank,"Frank, Adam",,"=""1439169594""","=""9781439169599""",0,Free Press,Hardcover,432,2011,2011,,2024/05/22,to-read,to-read (#373),to-read,,,,0,0
55539565,Think Again: The Power of Knowing What You Don't Know,Adam M. Grant,"Grant, Adam M.",,"=""1984878107""","=""9781984878106""",5.0,Viking Books,Hardcover,307,2021,2021,2024/05/22,2022/03/13,,,read,,,,1,0
61102803,Invention and Innovation: A Brief History of Hype and Failure,Vaclav Smil,"Smil, Vaclav",,"=""0262048051""","=""9780262048057""",0,The MIT Press,Hardcover,232,2023,2023,,2024/05/07,to-read,to-read (#372),to-read,,,,0,0
123012858,How Life Works: A User’s Guide to the New Biology,Philip Ball,"Ball, Philip",,"=""0226826686""","=""9780226826684""",0,University of Chicago Press,Hardcover,552,2023,2023,,2024/05/07,to-read,to-read (#371),to-read,,,,0,0
56153756,Intelligenza emotiva: Che cos'è e perché può renderci felici,Daniel Goleman,"Goleman, Daniel","Isabella C. Blum, Brunello Lotti","=""""","=""""",0,BUR Rizzoli,Paperback,479,2018,1995,,2022/01/25,currently-reading,currently-reading (#5),currently-reading,,,,1,0
39685892,Fahrenheit 451,Ray Bradbury,"Bradbury, Ray",,"=""""","=""""",4.0,Harper Voyager,Paperback,227,2008,1963,2024/05/01,2021/01/16,,,read,,,,1,0
16154799,Guida galattica per gli autostoppisti. Il ciclo completo,Douglas Adams,"Adams, Douglas",Laura Serra,"=""8804624264""","=""9788804624264""",0,A. Mondadori,Paperback,845,2012,1996,,2024/04/17,currently-reading,currently-reading (#4),currently-reading,,,,1,0
21422084,"Armi, acciaio e malattie. Breve storia del mondo negli ultimi tredicimila anni",Jared Diamond,"Diamond, Jared","Luca Cavalli-Sforza, Francesco Cavalli-Sforza, Luigi Civalleri","=""8806219227""","=""9788806219222""",5.0,Einaudi,Paperback,414,2014,1997,2024/04/16,2021/08/29,,,read,,,,1,0
125116554,Same as Ever: A Guide to What Never Changes,Morgan Housel,"Housel, Morgan",,"=""""","=""9780593332702""",0,Portfolio,Hardcover,240,2023,2023,,2024/04/03,to-read,to-read (#370),to-read,,,,0,0
5615667,"The Origin of Financial Crises: Central Banks, Credit Bubbles, and the Efficient Market Fallacy",George    Cooper,"Cooper, George",,"=""0307473457""","=""9780307473455""",0,Knopf Doubleday Publishing Group,Paperback,210,2008,2008,,2024/04/03,to-read,to-read (#369),to-read,,,,0,0
55877594,Numbers Don't Lie: 71 Things You Need to Know About the World,Vaclav Smil,"Smil, Vaclav",,"=""0241989698""","=""9780241989692""",4.0,Penguin,Paperback,362,2021,2020,2024/04/02,2024/03/20,,,read,,,,1,0
35958135,Talk Like Ted,Carmine Gallo,"Gallo, Carmine",,"=""1509867392""","=""9781509867394""",5.0,Pan Macmillan,Paperback,288,2017,,2024/03/27,2024/03/12,,,read,,,,1,0
56481725,Staff Engineer: Leadership Beyond the Management Track,Will Larson,"Larson, Will",Tanya Reilly,"=""1736417908""","=""""",0,Will Larson,Kindle Edition,337,2021,,,2024/03/21,to-read,to-read (#368),to-read,,,,0,0
37638098,Creative Selection: Inside Apple's Design Process During the Golden Age of Steve Jobs,Ken Kocienda,"Kocienda, Ken",,"=""1250194466""","=""9781250194466""",0,St. Martin's Press,Hardcover,264,2018,2018,,2024/03/20,to-read,to-read (#367),to-read,,,,0,0
50363684,Become an Effective Software Engineering Manager,James Stanier,"Stanier, James",,"=""1680507249""","=""9781680507249""",0,The Pragmatic Bookshelf,Paperback,374,2020,2020,,2024/03/20,to-read,to-read (#366),to-read,,,,0,0
75665931,The Maniac,Benjamín Labatut,"Labatut, Benjamín",,"=""0593654471""","=""9780593654477""",0,Penguin Press,Hardcover,368,2023,2023,,2024/03/12,to-read,to-read (#365),to-read,,,,0,0
40796176,Infinite Powers: How Calculus Reveals the Secrets of the Universe,Steven H. Strogatz,"Strogatz, Steven H.",,"=""1328879984""","=""9781328879981""",0,Mariner Books,Hardcover,360,2019,2019,,2024/03/12,to-read,to-read (#364),to-read,,,,0,0
17362,Black Holes & Time Warps: Einstein's Outrageous Legacy,Kip S. Thorne,"Thorne, Kip S.",Stephen W. Hawking,"=""0393312763""","=""9780393312768""",0,W. W. Norton & Company,Paperback,624,1995,1994,,2024/03/12,to-read,to-read (#363),to-read,,,,0,0
154060,A Mathematician's Apology,G.H. Hardy,"Hardy, G.H.",,"=""0521427061""","=""9780521427067""",0,Fisicalbook,Paperback,256,1992,1940,,2024/03/12,to-read,to-read (#362),to-read,,,,0,0
23008136,Things to Make and Do in the Fourth Dimension,Matt    Parker,"Parker, Matt",,"=""1846147646""","=""9781846147647""",0,Particular Books,Hardcover,464,2014,2014,,2024/03/12,to-read,to-read (#361),to-read,,,,0,0
50364458,The Tyranny of Merit: What's Become of the Common Good?,Michael J. Sandel,"Sandel, Michael J.",,"=""0241407605""","=""9780241407608""",4.0,Allen Lane,Paperback,272,2020,2020,2024/03/06,2024/03/04,,,read,,,,1,0
50161377,"L'enigma dei numeri primi. L'ipotesi di Riemann, il più grande mistero della matematica",Marcus du Sautoy,"Sautoy, Marcus du",Carlo Capararo,"=""8817105961""","=""9788817105965""",5.0,BUR,Paperback,394,2018,2003,2024/03/03,2021/08/09,,,read,,,,1,0
123018982,Patterns of Distributed Systems (Addison-Wesley Signature Series (Fowler)),Unmesh joshi,"joshi, Unmesh",,"=""0138222118""","=""9780138222116""",0,Addison-Wesley Professional,Kindle Edition,966,2023,,,2024/02/23,to-read,to-read (#360),to-read,,,,0,0
641601,Ogilvy on Advertising,David Ogilvy,"Ogilvy, David",,"=""039472903X""","=""9780394729039""",3.0,Vintage,Paperback,224,1985,1983,2024/02/18,2021/12/27,,,read,,,,1,0
200374804,Calling Bullshit: The Art of Scepticism in a Data-Driven World,Jevin D. West,"West, Jevin D.",,"=""""","=""""",5.0,Allen Lane,Audible Audio,,2020,,2024/02/16,2024/02/08,,,read,,,,1,0
178332355,Infectious Generosity: The Ultimate Idea Worth Spreading,Chris J. Anderson,"Anderson, Chris J.",,"=""059372755X""","=""9780593727553""",0,Crown,Hardcover,272,2024,,,2024/02/08,to-read,to-read (#359),to-read,,,,0,0
55723020,Dopamine Nation: Finding Balance in the Age of Indulgence,Anna Lembke,"Lembke, Anna",,"=""1524746738""","=""9781524746735""",4.0,Dutton Books,ebook,304,2021,2021,2024/01/14,2023/08/01,,,read,,,,1,0
59809966,Hegel Rba,Sergio Más,"Más, Sergio",,"=""""","=""""",5.0,,Unknown Binding,159,,,2024/01/02,2024/01/02,,,read,,,,1,0
6667514,The Checklist Manifesto: How to Get Things Right,Atul Gawande,"Gawande, Atul",,"=""0805091742""","=""9780805091748""",0,Metropolitan Books,Hardcover,208,2009,2009,,2023/12/28,to-read,to-read (#358),to-read,,,,0,0
56829,Hackers: Heroes of the Computer Revolution,Steven Levy,"Levy, Steven",,"=""0141000511""","=""9780141000510""",0,Penguin Books,Paperback,464,2001,1984,,2023/12/28,to-read,to-read (#357),to-read,,,,0,0
243601,"Imperium (Cicero, #1)",Robert   Harris,"Harris, Robert",,"=""074326603X""","=""9780743266031""",0,Simon & Schuster,Hardcover,305,2006,2006,,2023/12/28,to-read,to-read (#356),to-read,,,,0,0
9512985,The Personal MBA: Master the Art of Business,Josh Kaufman,"Kaufman, Josh",,"=""1591843529""","=""9781591843528""",0,Portfolio,Hardcover,416,2010,2010,,2023/12/24,to-read,to-read (#355),to-read,,,,0,0
27311747,Track Changes: A Literary History of Word Processing,Matthew G. Kirschenbaum,"Kirschenbaum, Matthew G.",,"=""0674417070""","=""9780674417076""",0,Belknap Press: An Imprint of Harvard University Press,Hardcover,368,2016,2016,,2023/12/24,to-read,to-read (#354),to-read,,,,0,0
18058001,Systems Performance: Enterprise and the Cloud,Brendan Gregg,"Gregg, Brendan",,"=""0133390098""","=""9780133390094""",0,Pearson,Paperback,772,2013,2013,,2023/12/24,to-read,to-read (#353),to-read,,,,0,0
43278093,Leadership emotiva,Daniel Goleman,"Goleman, Daniel",,"=""8817069116""","=""9788817069113""",4.0,BUR Biblioteca Univ. Rizzoli,Paperback,173,2013,2002,,2023/12/24,,,read,"Buona Guida per approcciarsi al mondo del management e dei futuri leader. <br/><br/>La frase che per me riassume tutto il libro è ""I veri leader e tutte le strategie di leadership AGISCONO SULLER EMOZIONI""",,,1,0
59446181,How to Stay Smart in a Smart World: Why Human Intelligence Still Beats Algorithms,Gerd Gigerenzer,"Gigerenzer, Gerd",,"=""0262046954""","=""9780262046954""",3.0,The MIT Press,Hardcover,320,2022,,2023/12/12,2023/09/06,,,read,,,,1,0
4122,Built to Last: Successful Habits of Visionary Companies,Jim Collins,"Collins, Jim",Jerry I. Porras,"=""0060566108""","=""9780060566104""",4.0,Harper Business,Hardcover,368,2004,1994,2023/12/12,2019/01/06,,,read,,,,1,0
7108725,Start with Why: How Great Leaders Inspire Everyone to Take Action,Simon Sinek,"Sinek, Simon",,"=""1591842808""","=""9781591842804""",3.0,Portfolio,Hardcover,256,2009,2009,,2019/01/03,,,read,"I approached this book with great expectations after reading excellent reviews and after getting to know Simon Sinek by his content on social media and interviews. <br/><br/>Albeit the book remains a good read for a lazy weekend, my expectations were largely disappointed. The book is, as often happens, only the long version of his famous 20 minutes Tedx talk. Nothing more, nothing less. I would recommend saving 10 bucks and few hours of reading by simply checking out the YouTube content.",,,1,0
20518872,"The Three-Body Problem (Remembrance of Earth’s Past, #1)",Liu Cixin,"Cixin, Liu",Ken Liu,"=""""","=""""",0,Tor Books,Hardcover,472,2014,2006,,2023/10/25,to-read,to-read (#352),to-read,,,,0,0
18373,Flowers for Algernon,Daniel Keyes,"Keyes, Daniel",,"=""015603008X""","=""9780156030083""",0,Harvest Books,Paperback,311,2004,1966,,2022/09/23,to-read,to-read (#279),to-read,,,,0,0
58949834,Shape: The Hidden Geometry of Absolutely Everything,Jordan Ellenberg,"Ellenberg, Jordan",,"=""0141991518""","=""9780141991511""",5.0,Penguin,Paperback,480,2022,2021,2023/08/31,2023/08/31,,,read,,,,1,0
18693884,How Not to Be Wrong: The Power of Mathematical Thinking,Jordan Ellenberg,"Ellenberg, Jordan",,"=""1594205221""","=""9781594205224""",0,Penguin Press,Hardcover,480,2014,2014,,2023/06/25,to-read,to-read (#351),to-read,,,,0,0
28186015,Weapons of Math Destruction: How Big Data Increases Inequality and Threatens Democracy,Cathy O'Neil,"O'Neil, Cathy",,"=""0553418815""","=""9780553418811""",0,Crown,Hardcover,259,2016,2016,,2023/08/23,,,read,,,,1,0
36257409,Armi di distruzione matematica: Come i Big Data aumentano la disuguaglianza e minacciano la democrazia,Cathy O'Neil,"O'Neil, Cathy",Daria Cavallini,"=""8845294218""","=""9788845294211""",3.0,Bompiani,Hardcover,368,2017,2016,2023/08/23,2020/05/13,,,read,,,,1,0
134634583,"The PARA Method: Simplify, Organize, and Master Your Digital Life",Tiago Forte,"Forte, Tiago",,"=""1668045575""","=""9781668045572""",0,Simon Element / Simon Acumen,Kindle Edition,203,2023,,,2023/08/23,to-read,to-read (#350),to-read,,,,0,0
20794318,Light Years and Time Travel: An Exploration of Mankind's Enduring Fascination with Light,Brian Clegg,"Clegg, Brian",,"=""1620458160""","=""9781620458167""",4.0,Trade Paper Press,Paperback,320,2002,2001,2023/08/15,2022/11/17,"history, mathematics, nonfiction","history (#12), mathematics (#2), nonfiction (#3)",read,,,,1,0
44010618,Il danese tranquillo. Niels Bohr un fisico e il suo tempo (1885-1962),Abraham Pais,"Pais, Abraham",Daniel Canarutto,"=""8833907813""","=""9788833907819""",0,Bollati Boringhieri editore,Hardcover,639,1993,1991,,2020/03/20,to-read,to-read (#49),to-read,,,,0,0
6629359,"The Strangest Man: The Hidden Life of Paul Dirac, Mystic of the Atom",Graham Farmelo,"Farmelo, Graham",,"=""0465018270""","=""9780465018277""",5.0,Basic Books,Hardcover,560,2009,2009,2023/08/08,2020/01/01,biographies,biographies (#13),read,,,,1,0
6478946,L'Aleph,Jorge Luis Borges,"Borges, Jorge Luis",Francesco Tentori Montalto,"=""8807803348""","=""9788807803345""",0,Feltrinelli,Paperback,184,1992,1945,,2023/08/07,to-read,to-read (#349),to-read,,,,0,0
28256439,"The Hidden Life of Trees: What They Feel, How They Communicate: Discoveries from a Secret World",Peter Wohlleben,"Wohlleben, Peter","Tim Flannery, Jane Billinghurst, Suzanne Simard","=""1771642483""","=""9781771642484""",0,Greystone Books,Hardcover,272,2016,2015,,2023/08/07,to-read,to-read (#348),to-read,,,,0,0
41157774,The Thanos Wars: Infinity Origin Omnibus,Jim Starlin,"Starlin, Jim","Steve Englehart, Steve Gerber, Mike Friedrich, John Byrne, John Buscema, Mike Zeck","=""1302915304""","=""9781302915308""",0,Marvel,Hardcover,800,2019,2019,,2022/11/28,to-read,to-read (#346),to-read,,,,0,0
33787732,The Power of Now: A Guide to Spiritual Enlightenment,Eckhart Tolle,"Tolle, Eckhart",,"=""""","=""""",0,,Unknown Binding,192,2001,1997,,2021/07/25,to-read,to-read (#345),to-read,,,,0,0
57614561,"The Bomber Mafia: A Dream, a Temptation, and the Longest Night of the Second World War",Malcolm Gladwell,"Gladwell, Malcolm",,"=""""","=""""",4.0,"Little, Brown and Company",Kindle Edition,257,2021,2021,2023/08/02,2023/07/30,nonfiction,nonfiction (#2),read,,,,1,0
30257963,12 Rules for Life: An Antidote to Chaos,Jordan B. Peterson,"Peterson, Jordan B.",,"=""0345816021""","=""9780345816023""",2.0,Random House Canada,Hardcover,409,2018,2018,2023/07/30,2020/11/29,,,read,,,,1,0
55711604,The Deadline Effect: How to Work Like It's the Last Minute―Before the Last Minute,Christopher Cox,"Cox, Christopher",,"=""1982132272""","=""9781982132279""",2.0,Avid Reader Press / Simon & Schuster,Hardcover,240,2021,2021,2023/07/20,2023/07/04,,,read,,,,1,0
4671,The Great Gatsby,F. Scott Fitzgerald,"Fitzgerald, F. Scott",,"=""0743273567""","=""9780743273565""",4.0,Scribner,Paperback,180,2025,1925,2023/07/01,2021/12/23,,,read,,,,1,0
53398908,Fundamentals: Ten Keys to Reality,Frank Wilczek,"Wilczek, Frank",,"=""0735223793""","=""9780735223790""",3.0,Penguin Press,Hardcover,272,2021,2021,2023/07/05,2023/07/04,,,read,,,,1,0
23719305,How Emotions Are Made: The Secret Life of the Brain,Lisa Feldman Barrett,"Barrett, Lisa Feldman",,"=""0544133315""","=""9780544133310""",0,Houghton Mifflin Harcourt,Hardcover,425,2017,2017,,2023/07/04,to-read,to-read (#344),to-read,,,,0,0
98685,Genius: The Life and Science of Richard Feynman,James Gleick,"Gleick, James",,"=""0679747044""","=""9780679747048""",0,Vintage,Paperback,531,1993,1993,2023/06/21,2022/05/24,"biographies, science","biographies (#12), science (#24)",read,,,,1,0
52090,Eichmann in Jerusalem: A Report on the Banality of Evil,Hannah Arendt,"Arendt, Hannah",,"=""""","=""""",4.0,Penguin Classics,Paperback,312,2006,1963,2023/05/10,2021/10/12,,,read,,,,1,0
58864240,The God Equation: The Quest for a Theory of Everything,Michio Kaku,"Kaku, Michio",,"=""014199519X""","=""9780141995199""",3.0,Penguin Books Ltd,Paperback,225,2022,2021,2023/05/25,2023/05/25,,,read,,,,1,0
10238,The Tao of Physics: An Exploration of the Parallels between Modern Physics and Eastern Mysticism,Fritjof Capra,"Capra, Fritjof",,"=""1570625190""","=""9781570625190""",0,"Shambhala Publications, Inc.",Paperback,366,2000,1975,,2023/04/13,to-read,to-read (#343),to-read,,,,0,0
53934234,Stories of Your Life and Others,Ted Chiang,"Chiang, Ted",,"=""1529039436""","=""9781529039436""",5.0,Picador,Paperback,338,2020,2002,2023/04/12,2023/03/20,,,read,"As all my friends already know, I’m not a big fan of fiction nor scientific fiction books. This book was given to me as my birthday gift from one of my closest friend as “I know your tastes, but try to give it a try”. Indeed, to my surprise, I wasn’t disappointed. I can safely say that no other fiction book managed to engage me as this one; the book is a collection of science fiction short independent stories by Ted Chiang that explores different deep philosophical and scientific questions.<br/><br/>This book was for me a constant brain teaser and it some stories became really addictive; among the topics developed there’s the evergreen theme of an alien contact, the enquiry of a world in which beauty would be canceled by our brain and everyone would be equally attractive, the development of new languages, the rewriting of our own scientific laws restarting not from a causalistic point of view but a casualistic one. Not forgetting on the others side the nature of consciousness, the power of language, the limits of human understanding, and the impact of technology on society.<br/><br/>The thing that really appreciated the most about the book is the questioning of the fundamental rules and concepts that drives our human lives. Most often, the most striking and difficult things to see are the one that we see every day and are exactly the ones that are questioned in this book. What if we start challenging them?<br/><br/>- What if we were living in a society where everyone is equally beautiful?<br/>- What if we had to rediscover our own physical and mathematical laws? We would probably have the same equations once again, but would we read them the same way?<br/>- Would our fundamental principles the same? Would the conservation of energy still the fundamental theorem of the principle of minimal action?<br/>- Would we start communicating again in the same way if we had to reinvent our languages and our alphabets? It is in general true that the more a tool or a technology is widespread (like for example our alphabet), the more is difficult to substitute. But what if someone else already did on another planet and we had to find a common language for communicating?<br/>- What if the criterions for accessing heaven where completely different from the ones that we think? - What if good and evil where absolute concepts that differ from the ones we developed in our societies?<br/><br/>All in all an absolute timeless masterpiece.<br/><br/>P.S. I discovered recently that The Guardian ranked Stories of Your Life at number 80 in its list of 100 Best Books of the 21st Century. I am not surprised at all.",,,1,0
29214420,Doughnut Economics: Seven Ways to Think Like a 21st-Century Economist,Kate Raworth,"Raworth, Kate",,"=""1847941389""","=""9781847941381""",5.0,UNKNO,Paperback,384,2017,2017,2023/04/12,2021/07/25,,,read,,,,1,0
49247176,Zero: The Biography of a Dangerous Idea,Charles Seife,"Seife, Charles",,"=""1782837329""","=""9781782837329""",5.0,Souvenir Press,Kindle Edition,266,2019,2000,2023/02/16,2023/02/13,"science, nonfiction, mathematics","science (#23), nonfiction (#1), mathematics (#1)",read,"This book was given to me from a friend of mine as a gift; while a lot of material is far from original, the I had a great time reading some really insightful and interesting stories about one of the most mysterious concepts in mathematics under a new point of view.<br/><br/>The book covers the story of the invention (or the discovery?) of zero and its twin, the concept of infinity. We start back in the far East, for then coming to the Hellenics, to the Mayas, to the eternal fight between science and religion, the the fight between East and West and to the unstoppable development of new scientific theories in spite of stereotypes and and the opposition of the old ruling (scientific and cultural) ruling class. <br/><br/>The first part is devoted to the history, invention and acceptance of the concepts of zero and infinity. The second part covers the modern and current struggles of handling these mysterious concepts, either in mathematics, physics and applied sciences. <br/><br/>The second part is where this book truly shines. While the first part is a summary of anecdotes, curiosities and facts that can be found easily elsewhere, the second part really gives you a glimpse on modern open problems in mathematics and physics where a better definition and understanding of zero (and infinity) could be a true major breakthrough in our understanding of the universe, from the infinitely small to the infinitely big.<br/><br/><b>I would recommend this book:</b><br/>- to the 18 years old high school student that is scared about mathematics and hard sciences in general, so that he can see how beautiful this topic can be with.<br/>- To the scientist who want to re-learn the concept of zero and learn some beautiful anecdotes about the history of science<br/>- To the philosophers of science who want an introductory book to the concept of infinity<br/>to the the gifts amateurs out there that want to see the old famous problems under a new light<br/><br/><b>Best quote of the book:</b><br/><blockquote> Zero was at the heart of the battle between East and West. Zero was at the centre of the struggle between religion and science.Zero became the language of nature and the most important tool in mathematics. And the most profound problems in physics are struggles to defeat zero.</blockquote><br/><br/>",,,1,0
1387876,Weather for Dummies,John D.   Cox,"Cox, John D.",,"=""0764552430""","=""0785555026827""",0,FD,Paperback,388,2000,,,2023/03/26,to-read,to-read (#342),to-read,,,,0,0
22586171,Antifragile,Nassim Nicholas Taleb,"Taleb, Nassim Nicholas","Daniela Antongiovanni, Marina Beretta, Francesca Cosi, Alessandra Repossi","=""8842819174""","=""9788842819172""",0,Il Saggiatore,Paperback,551,2013,2012,,2023/03/20,currently-reading,currently-reading (#3),currently-reading,,,,1,0
63063173,Scaling People: Tactics for Management and Company Building,Claire Hughes Johnson,"Johnson, Claire Hughes",,"=""1953953212""","=""9781953953216""",0,Stripe Press,Hardcover,480,2023,,,2023/03/07,to-read,to-read (#341),to-read,,,,0,0
67891,The Undiscovered Self,C.G. Jung,"Jung, C.G.",R.F.C. Hull,"=""0451217322""","=""9780451217325""",0,Signet,Paperback,112,2006,1961,2023/03/07,2023/03/02,psychology,psychology (#5),read,,,,1,0
17434641,"Why Nations Fail: The Origins of Power, Prosperity, and Poverty",Daron Acemoğlu,"Acemoğlu, Daron",James A. Robinson,"=""1846684307""","=""9781846684302""",5.0,Profile Books,Paperback,529,2013,2012,2023/03/07,2021/01/07,,,read,,,,1,0
13663747,Essential Scrum: A Practical Guide to the Most Popular Agile Process,Kenneth S. Rubin,"Rubin, Kenneth S.",,"=""0137043295""","=""9780137043293""",0,Addison-Wesley Professional,Paperback,496,2012,2012,,2023/02/26,to-read,to-read (#340),to-read,,,,0,0
36622746,"F*ck Whales: Also Families, Poetry, Folksy Wisdom and You",Maddox,"Maddox, Maddox",,"=""1501187511""","=""9781501187513""",2.0,Gallery Books,Paperback,256,2018,,2020/11/29,2020/11/01,,,read,,,,1,0
61058107,The Staff Engineer's Path: A Guide for Individual Contributors Navigating Growth and Change,Tanya Reilly,"Reilly, Tanya",,"=""1098118731""","=""9781098118730""",0,O'Reilly Media,Paperback,335,2022,2022,,2023/02/23,to-read,to-read (#339),to-read,,,,0,0
714583,The Man Who Loved Only Numbers: The Story of  Paul Erdős and the Search for Mathematical Truth,Paul Hoffman,"Hoffman, Paul",,"=""0786884061""","=""9780786884063""",0,Grand Central Publishing,Paperback,302,1998,1998,,2023/02/21,to-read,to-read (#338),to-read,,,,0,0
22085568,The Culture Map: Breaking Through the Invisible Boundaries of Global Business,Erin Meyer,"Meyer, Erin",,"=""""","=""""",2.0,PublicAffairs,Kindle Edition,274,2014,2014,2023/02/21,2021/10/01,,,read,,,,1,0
853510,"Murder on the Orient Express (Hercule Poirot, #10)",Agatha Christie,"Christie, Agatha",,"=""0007119313""","=""9780007119318""",0,HarperCollins,Paperback,347,2007,1934,,2023/02/08,to-read,to-read (#337),to-read,,,,0,0
52578297,"The Midnight Library (The Midnight World, #1)",Matt Haig,"Haig, Matt",,"=""0525559477""","=""9780525559474""",0,Viking,Hardcover,288,2020,2020,,2023/02/08,to-read,to-read (#336),to-read,,,,0,0
58733693,Remarkably Bright Creatures,Shelby Van Pelt,"Pelt, Shelby Van",,"=""0063204150""","=""9780063204157""",0,Ecco,Hardcover,360,2022,2022,,2023/02/08,to-read,to-read (#335),to-read,,,,0,0
58065033,Lessons in Chemistry,Bonnie Garmus,"Garmus, Bonnie",,"=""""","=""""",0,Doubleday Books,Hardcover,390,2022,2022,,2023/02/08,to-read,to-read (#334),to-read,,,,0,0
28782793,Worth Dying For: The Power and Politics of Flags,Tim  Marshall,"Marshall, Tim",,"=""178396281X""","=""9781783962815""",4.0,Elliott & Thompson,Hardcover,266,2016,2016,2023/02/08,2023/02/08,,,read,,,,1,0
58577586,Atlante sentimentale,Giorgio Terruzzi,"Terruzzi, Giorgio",,"=""8817156442""","=""9788817156448""",0,Rizzoli,Paperback,324,2021,,2022/12/30,2021/12/27,,,read,,,,1,0
29093292,"The Daily Stoic: 366 Meditations on Wisdom, Perseverance, and the Art of Living",Ryan Holiday,"Holiday, Ryan",Stephen Hanselman,"=""""","=""""",0,Portfolio,Hardcover,416,2016,2016,2022/12/31,2022/02/22,,,read,,,,1,0
11252394,Il Wto,Antonio Parenti,"Parenti, Antonio",,"=""8815088229""","=""9788815149787""",4.0,il Mulino,Paperback,144,2002,2002,,2022/12/28,,,read,,,,1,0
13425570,How Will You Measure Your Life?,Clayton M. Christensen,"Christensen, Clayton M.","James Allworth, Karen Dillon, Daniela Caggiati","=""0062102427""","=""9780062102423""",0,Harper Business,Kindle Edition,240,2012,2012,,2022/12/20,to-read,to-read (#333),to-read,,,,0,0
60674844,"How To Watch Football: 52 Rules for Understanding the Beautiful Game, on and off the Pitch",Tifo - The Athletic,"Athletic, Tifo - The",,"=""0241609372""","=""9780241609378""",3.0,Particular Books,Hardcover,224,2023,,2022/12/20,2022/12/15,,,read,,,,1,0
13417699,How the World Works,Noam Chomsky,"Chomsky, Noam","Arthur Naiman, David Barsamian","=""0241145392""","=""9780241145395""",2.0,Hamish Hamilton ,Paperback,335,2011,2011,2022/12/15,2022/10/24,"economy, geopolitics","economy (#11), geopolitics (#4)",read,,,,1,0
35451122,Il gene egoista. La parte immortale di ogni essere vivente,Richard Dawkins,"Dawkins, Richard","Giorgio Corte, Adriana Serra","=""8804672021""","=""9788804672029""",0,Mondadori,Paperback,366,2017,1976,,2021/08/21,currently-reading,currently-reading (#2),currently-reading,,,,1,0
48816586,Software Engineering at Google: Lessons Learned from Programming Over Time,Titus Winters,"Winters, Titus","Tom Manshreck, Hyrum Wright","=""1492082791""","=""9781492082798""",0,O'Reilly Media,Paperback,602,2020,2020,,2022/12/06,to-read,to-read (#332),to-read,,,,0,0
36204378,The Book of Why: The New Science of Cause and Effect,Judea Pearl,"Pearl, Judea",Dana Mackenzie,"=""046509760X""","=""9780465097609""",0,Basic Books,Hardcover,432,2018,2018,,2022/11/10,to-read,to-read (#321),to-read,,,,0,0
6489716,Prosperity Without Growth: Economics for a Finite Planet,Tim     Jackson,"Jackson, Tim",,"=""1844078949""","=""9781844078943""",0,Earthscan Publications Ltd.,Hardcover,286,2009,2009,,2022/11/29,to-read,to-read (#331),to-read,,,,0,0
303615,"General Theory of Employment, Interest, and Money (Great Minds)",John Maynard Keynes,"Keynes, John Maynard",,"=""1573921394""","=""9781573921398""",0,Prometheus,Paperback,423,1997,1935,,2022/11/29,to-read,to-read (#330),to-read,,,,0,0
299215,The Road to Serfdom,Friedrich A. Hayek,"Hayek, Friedrich A.",Milton Friedman,"=""0226320618""","=""9780226320618""",0,University of Chicago Press,Paperback,274,1994,1944,,2022/11/29,to-read,to-read (#329),to-read,,,,0,0
43877,The Monk Who Sold His Ferrari: A Fable About Fulfilling Your Dreams and Reaching Your Destiny,Robin Sharma,"Sharma, Robin",,"=""0062515675""","=""9780062515674""",0,HarperOne,Paperback,208,1999,1996,,2022/11/29,to-read,to-read (#328),to-read,,,,0,0
52908942,How to Avoid a Climate Disaster: The Solutions We Have and the Breakthroughs We Need,Bill  Gates,"Gates, Bill",,"=""0385546130""","=""9780385546133""",4.0,Knopf Publishing Group,Hardcover,288,2021,2021,2022/11/28,2022/11/24,,,read,,,,1,0
6759,Infinite Jest,David Foster Wallace,"Wallace, David Foster",,"=""""","=""""",0,Back Bay Books,Paperback,1088,2005,1996,,2022/11/23,to-read,to-read (#327),to-read,,,,0,0
43889703,The Man Who Solved the Market: How Jim Simons Launched the Quant Revolution,Gregory Zuckerman,"Zuckerman, Gregory",,"=""0241309727""","=""9780241309728""",3.0,Portfolio Penguin,Paperback,359,2019,2019,2022/11/21,2022/11/10,,,read,,,,1,0
48890486,Breath: The New Science of a Lost Art,James Nestor,"Nestor, James",,"=""0735213615""","=""9780735213616""",0,Riverhead Books,Hardcover,280,2020,2020,,2022/11/20,to-read,to-read (#326),to-read,,,,0,0
22609341,Come as You Are: The Surprising New Science that Will Transform Your Sex Life,Emily Nagoski,"Nagoski, Emily",,"=""1476762090""","=""9781476762098""",0,Simon & Schuster,Paperback,400,2015,2015,,2022/11/17,to-read,to-read (#325),to-read,,,,0,0
58782897,The End of the World Is Just the Beginning: Mapping the Collapse of Globalization,Peter Zeihan,"Zeihan, Peter",,"=""006323047X""","=""9780063230477""",0,Harper Business,Hardcover,512,2022,2022,,2022/11/17,to-read,to-read (#324),to-read,,,,0,0
39899253,Scattered Minds: The Origins and Healing of Attention Deficit Disorder,Gabor Maté,"Maté, Gabor",,"=""1785042211""","=""9781785042218""",0,Vermilion,Paperback,368,2019,1999,,2022/11/10,to-read,to-read (#323),to-read,,,,0,0
23644794,10% Human: How Your Body's Microbes Hold the Key to Health and Happiness,Alanna Collen,"Collen, Alanna",,"=""0062345982""","=""9780062345981""",0,Harper,Hardcover,336,2015,2015,,2022/11/10,to-read,to-read (#322),to-read,,,,0,0
40242274,A Random Walk Down Wall Street: The Time-Tested Strategy for Successful Investing,Burton G. Malkiel,"Malkiel, Burton G.",,"=""1324002182""","=""9781324002185""",0,W. W. Norton & Company,Hardcover,432,2019,1973,,2022/11/10,to-read,to-read (#320),to-read,,,,0,0
3744438,1984,George Orwell,"Orwell, George",Peter Hobley Davison,"=""0141036141""","=""9780141036144""",5.0,Penguin Books,Paperback,334,2008,1949,2022/11/10,2021/12/23,,,read,,,,1,0
28696595,The Pope of Physics: Enrico Fermi and the Birth of the Atomic Age,Gino Segrè,"Segrè, Gino",Bettina Hoerlin,"=""1627790055""","=""9781627790055""",0,Henry Holt and Co.,Hardcover,368,2016,2016,,2022/11/09,to-read,to-read (#319),to-read,,,,0,0
80571,American Prometheus: The Triumph and Tragedy of J. Robert Oppenheimer,Kai Bird,"Bird, Kai",Martin J. Sherwin,"=""""","=""""",0,Vintage Books,Paperback,721,2007,2005,,2022/11/09,to-read,to-read (#318),to-read,,,,0,0
27155305,Tre racconti,Umberto Eco,"Eco, Umberto",Eugenio Carmi,"=""8845279804""","=""9788845279805""",3.0,Bompiani,Paperback,120,2015,,2022/11/08,2022/11/08,,,read,,,,1,0
9694508,Il cigno nero. Come l'improbabile governa la nostra vita,Nassim Nicholas Taleb,"Taleb, Nassim Nicholas",Elisabetta Nifosi,"=""8842814784""","=""9788842814788""",5.0,Il Saggiatore,Paperback,379,2008,2007,2022/11/08,2021/08/21,"economy, philosophy","economy (#10), philosophy (#12)",read,,,,1,0
39330937,The Laws of Human Nature,Robert Greene,"Greene, Robert",,"=""0698184548""","=""9780698184541""",0,Penguin Books,Kindle Edition,624,2018,2018,,2022/03/13,currently-reading,currently-reading (#1),currently-reading,,,,1,0
25797023,Bar Sport,Stefano Benni,"Benni, Stefano",,"=""8807884623""","=""9788807884627""",0,Feltrinelli,Paperback,132,2014,1976,,2022/10/31,to-read,to-read (#317),to-read,,,,0,0
15701186,Che cos'è metafisica?,Martin Heidegger,"Heidegger, Martin",Franco Volpi,"=""8845916073""","=""9788845916076""",3.0,Adelphi,Paperback,163,2001,1929,2022/10/25,2022/10/21,philosophy,philosophy (#13),read,,,,1,0
18668059,The Obstacle Is the Way: The Timeless Art of Turning Trials into Triumph,Ryan Holiday,"Holiday, Ryan",,"=""1591846358""","=""9781591846352""",0,Portfolio,Hardcover,201,2014,2014,,2022/10/25,to-read,to-read (#316),to-read,,,,0,0
57345270,Modern Software Engineering: Doing What Works to Build Better Software Faster,David  Farley,"Farley, David",Trisha Gee,"=""0137314914""","=""9780137314911""",0,Addison-Wesley Professional,Paperback,256,2021,,,2022/10/25,to-read,to-read (#315),to-read,,,,0,0
312773,Kant in 90 Minutes (Philosophers in 90 Minutes #13),Paul Strathern,"Strathern, Paul",,"=""1566631238""","=""9781566631235""",4.0,Ivan R. Dee,Paperback,96,1996,1996,2022/10/23,2022/10/21,"biographies, philosophy","biographies (#11), philosophy (#15)",read,"This book (like all the books in this series) is far away from being an introduction to the philosophy of Kant.<br/><br/>This book focuses mainly on the personality of Kant and his biography (at least from what is possibly doable in 60 pages).<br/><br/>Particularly interesting is the intermediate section ""A dialogue on Metaphysics"" where a pseudo dialogue is developed about Kantian Metaphysics and his (successful) attempt to overcome Hume's empiricist view on all possible metaphysics. ",,,1,0
30118096,Ten Days That Shook the World (Pocket Penguins),John   Reed,"Reed, John",,"=""0241261171""","=""9780241261170""",0,Penguin Classic,Paperback,368,2017,1919,,2022/02/26,to-read,to-read (#314),to-read,,,,0,0
2928116,Uno studio in rosso,Arthur Conan Doyle,"Doyle, Arthur Conan",Alberto Tedeschi,"=""8804537175""","=""9788804537175""",0,Mondadori,Paperback,154,2004,1887,2022/10/20,2022/03/07,,,read,,,,1,0
41580260,The Fifth Science,Exurb1a,"Exurb1a, Exurb1a",,"=""""","=""""",0,,Kindle Edition,247,2018,2018,,2022/10/20,to-read,to-read (#313),to-read,,,,0,0
43708933,The Cognitive-Theoretic Model of the Universe: A New Kind of Reality Theory,Christopher Michael Langan,"Langan, Christopher Michael",,"=""""","=""""",0,"Progress in Complexity, Information, and Design (PCID)",ebook,56,2002,2002,,2022/10/16,to-read,to-read (#312),to-read,,,,0,0
9720443,"La trama del cosmo. Spazio, tempo, realtà",Brian Greene,"Greene, Brian","Claudio Bartocci, Luigi Civalleri, Adria Tissoni","=""8806180916""","=""9788806180911""",0,Einaudi,Paperback,612,2006,2004,,2022/10/16,to-read,to-read (#311),to-read,,,,0,0
665134,The (Mis)Behavior of Markets,Benoît B. Mandelbrot,"Mandelbrot, Benoît B.",Richard L. Hudson,"=""0465043550""","=""9780465043552""",0,Basic Books,Hardcover,352,2004,1997,,2022/10/16,to-read,to-read (#310),to-read,,,,0,0
6167162,"Animal Spirits: How Human Psychology Drives the Economy, and Why It Matters for Global Capitalism",George A. Akerlof,"Akerlof, George A.",Robert J. Shiller,"=""0691142335""","=""9780691142333""",3.0,Princeton University Press,Hardcover,248,2009,2008,2022/10/16,2022/10/02,"economy, psychology","economy (#9), psychology (#4)",read,,,,1,0
7770042,Alice nel paese dei quanti: Le avventure della fisica,Robert Gilmore,"Gilmore, Robert",Pier Daniele Napolitani,"=""8870784061""","=""9788870784060""",0,Raffaello Cortina,Paperback,247,1996,1994,,2022/10/10,to-read,to-read (#309),to-read,,,,0,0
40921633,The New Silk Roads: The Present and Future of the World,Peter Frankopan,"Frankopan, Peter",,"=""1526607425""","=""9781526607423""",4.0,Bloomsbury,Hardcover,313,2018,2018,2022/10/08,2022/03/13,"favorites, geopolitics","favorites (#18), geopolitics (#3)",read,,,,1,0
28116,The Know-It-All,A.J. Jacobs,"Jacobs, A.J.",,"=""0743250621""","=""9780743250627""",0,Simon & Schuster,Paperback,388,2005,2004,,2022/10/08,to-read,to-read (#308),to-read,,,,0,0
101255,On Food and Cooking: The Science and Lore of the Kitchen,Harold McGee,"McGee, Harold",,"=""0684800012""","=""9780684800011""",0,Scribner,Hardcover,896,2004,1984,,2022/10/08,to-read,to-read (#307),to-read,,,,0,0
18007564,The Martian,Andy Weir,"Weir, Andy",,"=""0804139024""","=""9780804139021""",0,Crown Publishers,Hardcover,369,2014,2011,,2022/10/08,to-read,to-read (#306),to-read,,,,0,0
7624,Lord of the Flies,William Golding,"Golding, William",,"=""0140283331""","=""9780140283334""",0,Penguin Books ,Paperback,182,1999,1954,,2022/10/07,to-read,to-read (#305),to-read,,,,0,0
49552,The Stranger,Albert Camus,"Camus, Albert",Matthew  Ward,"=""""","=""""",0,Vintage International,Paperback,123,1989,1942,,2022/10/07,to-read,to-read (#304),to-read,,,,0,0
30619809,Il vecchio e il mare,Ernest Hemingway,"Hemingway, Ernest",Fernanda Pivano,"=""8804667877""","=""9788804667872""",3.0,Mondadori,Paperback,124,2016,1952,2022/09/27,2021/08/29,,,read,,,,1,0
58438507,The Little Book of Big Ethical Questions,Susan Liautaud,"Liautaud, Susan",,"=""1982132221""","=""9781982132224""",0,Simon & Schuster,Hardcover,336,2022,,,2022/10/03,to-read,to-read (#303),to-read,,,,0,0
57653203,The Twelve Monotasks: Do One Thing at a Time to Do Everything Better,Thatcher Wine,"Wine, Thatcher",,"=""0316705543""","=""9780316705547""",0,"Little, Brown Spark",Hardcover,263,2021,,,2022/10/03,to-read,to-read (#302),to-read,,,,0,0
58085250,A Molecule Away from Madness: Tales of the Hijacked Brain,Sara Manning Peskin,"Peskin, Sara Manning",,"=""1324002379""","=""9781324002376""",0,W. W. Norton & Company,Hardcover,214,2022,2022,,2022/10/03,to-read,to-read (#301),to-read,,,,0,0
58438557,Sentient: How Animals Illuminate the Wonder of Our Human Senses,Jackie Higgins,"Higgins, Jackie",,"=""1982156554""","=""9781982156558""",0,Atria Books,Hardcover,320,2022,2021,,2022/10/03,to-read,to-read (#300),to-read,,,,0,0
57993484,Out of Touch: How to Survive an Intimacy Famine,Michelle Drouin,"Drouin, Michelle",,"=""0262046679""","=""9780262046671""",0,The MIT Press,Hardcover,288,2022,,,2022/10/03,to-read,to-read (#299),to-read,,,,0,0
59173002,"The Internet Is Not What You Think It Is: A History, a Philosophy, a Warning",Justin E.H. Smith,"Smith, Justin E.H.",,"=""0691229686""","=""9780691229683""",0,Princeton University Press,Kindle Edition,208,2022,2022,,2022/10/03,to-read,to-read (#298),to-read,,,,0,0
58275962,Language vs. Reality: Why Language Is Good for Lawyers and Bad for Scientists,N.J. Enfield,"Enfield, N.J.",,"=""026204661X""","=""9780262046619""",0,The MIT Press,Hardcover,312,2022,2022,,2022/10/03,to-read,to-read (#297),to-read,,,,0,0
57941478,The Language Game: How Improvisation Created Language and Changed the World,Morten H. Christiansen,"Christiansen, Morten H.",Nick Chater,"=""1541674987""","=""9781541674981""",0,Basic Books,Hardcover,304,2022,,,2022/10/03,to-read,to-read (#296),to-read,,,,0,0
57866423,Kingdom of Characters: The Language Revolution That Made China Modern,Jing Tsu,"Tsu, Jing",,"=""0735214727""","=""9780735214729""",0,Riverhead Books,Hardcover,336,2022,2022,,2022/10/03,to-read,to-read (#295),to-read,,,,0,0
59472245,Uncertainty (Boston Review / Forum),Sheila Jasanoff,"Jasanoff, Sheila",,"=""1946511668""","=""9781946511669""",0,Boston Review,Paperback,160,2022,,,2022/10/03,to-read,to-read (#294),to-read,,,,0,0
57926125,The Voltage Effect: How to Make Good Ideas Great and Great Ideas Scale,John A. List,"List, John A.",,"=""0593239482""","=""9780593239483""",0,Crown Currency,Hardcover,288,2022,2022,,2022/10/03,to-read,to-read (#293),to-read,,,,0,0
57927579,"Influence Is Your Superpower: The Science of Winning Hearts, Sparking Change, and Making Good Things Happen",Zoe Chance,"Chance, Zoe",,"=""198485433X""","=""9781984854339""",0,Random House,Hardcover,304,2022,,,2022/10/03,to-read,to-read (#292),to-read,,,,0,0
56643989,Life Is Simple: How Occam's Razor Set Science Free and Shapes the Universe,Johnjoe McFadden,"McFadden, Johnjoe",,"=""1541620445""","=""9781541620445""",0,Basic Books,Hardcover,384,2021,2021,,2022/10/03,to-read,to-read (#291),to-read,,,,0,0
56271390,The Genome Defense: Inside the Epic Legal Battle to Determine Who Owns Your DNA,Jorge L. Contreras,"Contreras, Jorge L.",,"=""1616209682""","=""9781616209681""",0,Algonquin Books,Hardcover,432,2021,,,2022/10/03,to-read,to-read (#290),to-read,,,,0,0
56898095,The 9.9 Percent: The New Aristocracy That Is Entrenching Inequality and Warping Our Culture,Matthew Stewart,"Stewart, Matthew",,"=""1982114185""","=""9781982114183""",0,Simon & Schuster,Hardcover,352,2021,,,2022/10/03,to-read,to-read (#289),to-read,,,,0,0
55859957,"The Monsanto Papers: Deadly Secrets, Corporate Corruption, and One Man's Search for Justice",Carey Gillam,"Gillam, Carey",,"=""1642830569""","=""9781642830569""",0,Island Press,Hardcover,352,2021,2021,,2022/10/03,to-read,to-read (#288),to-read,,,,0,0
42291479,The Extended Mind: The Power of Thinking Outside the Brain,Annie Murphy Paul,"Paul, Annie Murphy",,"=""0544947584""","=""9780544947580""",0,Mariner Books,Kindle Edition,352,2021,2021,,2022/10/03,to-read,to-read (#287),to-read,,,,0,0
32150534,Samsung Rising: The Inside Story of the South Korean Giant That Set Out to Beat Apple and Conquer Tech,Geoffrey Cain,"Cain, Geoffrey",,"=""1101907258""","=""9781101907252""",0,Crown Currency,Hardcover,416,2020,2020,,2022/10/03,to-read,to-read (#286),to-read,,,,0,0
20995,The Art of Seduction,Robert Greene,"Greene, Robert",Мариана Мелнишка,"=""1861977697""","=""9781861977694""",0,Penguin,Paperback,466,2001,,,2022/10/03,to-read,to-read (#285),to-read,,,,0,0
27,Neither Here nor There: Travels in Europe,Bill  Bryson,"Bryson, Bill",,"=""0380713802""","=""9780380713806""",0,William Morrow Paperbacks,Paperback,254,1993,1991,,2022/10/03,to-read,to-read (#284),to-read,,,,0,0
21856367,"The Innovators: How a Group of Hackers, Geniuses and Geeks Created the Digital Revolution",Walter Isaacson,"Isaacson, Walter",,"=""147670869X""","=""9781476708690""",0,Simon & Schuster,Hardcover,542,2014,2014,,2022/10/03,to-read,to-read (#283),to-read,,,,0,0
8213,The Erotic Phenomenon,Jean-Luc Marion,"Marion, Jean-Luc",Stephen E. Lewis,"=""0226505367""","=""9780226505367""",0,University of Chicago Press,Hardcover,248,2006,2003,,2022/10/03,to-read,to-read (#282),to-read,,,,0,0
22253730,Beyond: Our Future in Space,Chris Impey,"Impey, Chris",,"=""0393239306""","=""9780393239300""",0,"W. W. Norton & Company, Inc.",Hardcover,334,2015,2015,,2022/10/03,to-read,to-read (#281),to-read,,,,0,0
785432,Visions: How Science Will Revolutionize the 21st Century,Michio Kaku,"Kaku, Michio",,"=""0385484992""","=""9780385484992""",0,Knopf Doubleday Publishing Group,Paperback,403,1998,,,2022/10/03,to-read,to-read (#280),to-read,,,,0,0
275751,Il sistema periodico,Primo Levi,"Levi, Primo",,"=""8806135171""","=""9788806135171""",2.0,Einaudi,Audio CD,261,1994,1975,2022/10/02,2022/03/02,,,read,,,,1,0
58656186,The Silk Roads: A New History of the World - Illustrated Edition,Peter Frankopan,"Frankopan, Peter",Neil Packer,"=""1526623560""","=""9781526623560""",5.0,Bloomsbury Children's Books,Paperback,128,2021,2021,2022/10/02,2022/05/24,"history, geopolitics","history (#10), geopolitics (#2)",read,,,,1,0
444555,Siddhartha,Hermann Hesse,"Hesse, Hermann",Massimo Mila,"=""884590184X""","=""9788845901843""",3.0,Adelphi,Paperback,156,1985,1922,2022/09/15,2020/06/25,"classics, fiction","classics (#1), fiction (#1)",read,,,,1,0
25136302,Che cos'è il tempo? Che cos'è lo spazio?,Carlo Rovelli,"Rovelli, Carlo",,"=""8883232909""","=""9788883232909""",2.0,Di Renzo Editore,Paperback,63,2015,2004,2022/01/01,2022/08/31,,,read,,,,1,0
4961225,"L'officina della Costituzione italiana, 1943-1948",Domenico Novacco,"Novacco, Domenico",,"=""8807815974""","=""9788807815973""",0,Feltrinelli,Paperback,193,2000,2000,,2022/08/24,to-read,to-read (#278),to-read,,,,0,0
50539827,The Italia degli anni di piombo (Italian Edition),Indro Montanelli,"Montanelli, Indro",,"=""8817101427""","=""9788817101424""",0,BUR Biblioteca Univ. Rizzoli,Paperback,0,2018,1991,,2022/08/24,to-read,to-read (#277),to-read,,,,0,0
10166380,Maus,Art Spiegelman,"Spiegelman, Art",Cristina Previtali,"=""8806202340""","=""9788806202347""",0,Einaudi,Paperback,291,2010,1992,,2022/08/24,to-read,to-read (#276),to-read,,,,0,0
53011383,UNIX: A History and a Memoir,Brian W. Kernighan,"Kernighan, Brian W.",,"=""1695978552""","=""9781695978553""",0,Independently Published,Paperback,183,2019,2019,,2022/08/24,to-read,to-read (#275),to-read,,,,0,0
7775929,La fisica dei supereroi,James Kakalios,"Kakalios, James",Lorenzo Lilli,"=""8806183923""","=""9788806183929""",0,Einaudi,Paperback,396,2007,2006,,2022/08/24,to-read,to-read (#274),to-read,,,,0,0
17859574,How to Fail at Almost Everything and Still Win Big: Kind of the Story of My Life,Scott Adams,"Adams, Scott",,"=""1591846919""","=""9781591846918""",2.0,Penguin Portfolio,Hardcover,248,2013,2013,2022/08/24,2022/06/28,,,read,,,,1,0
22821816,"Nudge: La spinta gentile. La nuova strategia per migliorare le nostre decisioni su denaro, salute, felicità",Richard H. Thaler,"Thaler, Richard H.",Cass R. Sunstein,"=""8807884437""","=""9788807884436""",5.0,Feltrinelli,Paperback,284,2014,2008,2022/06/24,2022/05/24,"economy, personal-finance-management, psychology","economy (#8), personal-finance-management (#3), psychology (#3)",read,,,,1,0
52365259,A People's Guide to Capitalism: An Introduction to Marxist Economics,Hadas Thier,"Thier, Hadas",,"=""164259251X""","=""9781642592511""",0,Haymarket Books,Hardcover,300,2020,2018,,2022/06/22,to-read,to-read (#273),to-read,,,,0,0
36490332,"Talking to My Daughter About the Economy: or, How Capitalism Works—and How It Fails",Yanis Varoufakis,"Varoufakis, Yanis",Jacob Moe,"=""0374718431""","=""9780374718435""",0,"Farrar, Straus and Giroux",Kindle Edition,224,2018,2013,,2022/06/22,to-read,to-read (#272),to-read,,,,0,0
1083152,Post-Capitalist Society: A Searching Analysis of How Knowledge Is Replacing Capital in Business and Politics,Peter F. Drucker,"Drucker, Peter F.",,"=""0887306616""","=""9780887306617""",5.0,Business,Paperback,240,1994,1993,2022/06/16,2022/06/08,,,read,,,,1,0
17255186,"The Phoenix Project: A Novel About IT, DevOps, and Helping Your Business Win",Gene Kim,"Kim, Gene","Kevin Behr, George Spafford","=""0988262592""","=""9780988262591""",0,IT Revolution Press,Hardcover,345,2013,2013,,2022/06/08,to-read,to-read (#271),to-read,,,,0,0
58015487,L'universo su misura. Viaggio nelle incredibili coincidenze cosmiche che ci permettono di essere qui,Filippo Bonaventura,"Bonaventura, Filippo","Lorenzo Colombo, Matteo Miluzio","=""8817156744""","=""9788817156745""",0,Rizzoli,Paperback,318,2021,2021,,2022/06/06,to-read,to-read (#270),to-read,,,,0,0
60425372,"La vendetta degli dei (The Grecian Women Trilogy, #2)",Hannah M. Lynn,"Lynn, Hannah M.","Micol Cerato, Mariacristina Cesa","=""8822767101""","=""9788822767103""",0,Newton Compton Editori,Kindle Edition,320,2022,2021,,2022/06/06,to-read,to-read (#269),to-read,,,,0,0
61099603,"Houston, abbiamo un problema. Storie astronomiche di fallimenti di successo e altre sorprese",Filippo Bonaventura,"Bonaventura, Filippo","Lorenzo Colombo, Matteo Miluzio","=""8831808168""","=""9788831808163""",0,Rizzoli,Kindle Edition,358,2022,,,2022/06/06,to-read,to-read (#268),to-read,,,,0,0
43198302,Le 17 equazioni che hanno cambiato il mondo,Ian Stewart,"Stewart, Ian",Giorgio P. Panini,"=""8858430069""","=""9788858430064""",3.0,Einaudi,Kindle Edition,510,2018,2012,2022/05/24,2022/01/26,,,read,,,,1,0
58014784,Storia della filosofia occidentale,Bertrand Russell,"Russell, Bertrand",Luca Pavolini,"=""""","=""""",0,TEA,Paperback,816,2004,1945,,2022/05/24,to-read,to-read (#267),to-read,,,,0,0
28383248,Deep Work: Rules for Focused Success in a Distracted World,Cal Newport,"Newport, Cal",,"=""""","=""""",2.0,Piatkus Books,Paperback,296,2016,2016,2022/05/23,2021/07/25,,,read,,,,1,0
31804,"Superheroes and Philosophy: Truth, Justice, and the Socratic Way",Tom Morris,"Morris, Tom",William Irwin,"=""0812695739""","=""9780812695731""",0,Open Court,Paperback,300,2005,2001,,2022/05/03,to-read,to-read (#266),to-read,,,,0,0
31819,Harry Potter and Philosophy: If Aristotle Ran Hogwarts,David Baggett,"Baggett, David",Shawn E. Klein,"=""0812694554""","=""9780812694550""",0,Open Court,Paperback,243,2004,2004,,2022/05/03,to-read,to-read (#265),to-read,,,,0,0
31882,The Matrix and Philosophy: Welcome to the Desert of the Real,William Irwin,"Irwin, William",,"=""081269502X""","=""9780812695021""",0,Open Court,Paperback,280,2002,2002,,2022/05/03,to-read,to-read (#264),to-read,,,,0,0
31813,"The Simpsons and Philosophy: The D'oh! of Homer (Popular Culture and Philosophy, 2)",William Irwin,"Irwin, William","Mark T. Conard, Aeon J. Skoble, Raja Halwani, Eric Bronson, Gerald J. Erion, Joseph A. Zeccardi, J.R. Lombardo, Deborah Knight, Carl Matheson, Dale E. Snow, James J. Snow, James Lawler, Paul A. Cantor, Jason Holt, Daniel Barwick, David Vessey, Jennifer L. McMahon, James M. Wallace, David L.G. Arnold, Kelly Dean Jolley","=""0812694333""","=""9780812694338""",0,Open Court,Paperback,303,2001,2001,,2022/05/03,to-read,to-read (#263),to-read,,,,0,0
31878,Seinfeld and Philosophy: A Book about Everything and Nothing,William Irwin,"Irwin, William",,"=""0812694090""","=""9780812694093""",0,Open Court,Paperback,224,1999,1999,,2022/05/03,to-read,to-read (#262),to-read,,,,0,0
18500906,The Rational Optimist,Matt Ridley,"Ridley, Matt",,"=""""","=""""",4.0,Fourth Estate,Paperback,464,2011,2010,2022/05/03,2022/04/06,,,read,,,,1,0
58721072,"A Brief History of Timekeeping: The Science of Marking Time, from Stonehenge to Atomic Clocks",Chad Orzel,"Orzel, Chad",,"=""1953295606""","=""9781953295606""",0,BenBella Books,Paperback,324,2022,2022,,2022/04/22,to-read,to-read (#261),to-read,,,,0,0
29502354,Rest: Why You Get More Done When You Work Less,Alex Soojung-Kim Pang,"Pang, Alex Soojung-Kim",,"=""0465074871""","=""9780465074877""",0,Basic Books,Hardcover,320,2016,2016,,2022/04/19,to-read,to-read (#260),to-read,,,,0,0
60617223,House of M Omnibus,Brian Michael Bendis,"Bendis, Brian Michael",Marvel Various,"=""1302948229""","=""9781302948221""",0,Marvel,Hardcover,1368,2023,,2022/04/18,2022/04/01,to-read,to-read (#259),to-read,,,,1,0
52199304,"The World for Sale: Money, Power and the Traders Who Barter the Earth’s Resources",Javier Blas,"Blas, Javier",Jack Farchy,"=""1847942660""","=""9781847942661""",3.0,Random House Business,Paperback,410,2020,2021,2022/04/18,2022/03/29,,,read,,,,1,0
17401614,Destination: Simple - Rituals and Rhythms for a Simpler Daily Life,Brooke McAlary,"McAlary, Brooke",,"=""""","=""""",0,"Amazon Digital Services, Inc.",Kindle Edition,89,2012,2012,,2022/04/13,to-read,to-read (#258),to-read,,,,0,0
54785515,Four Thousand Weeks: Time Management for Mortals,Oliver Burkeman,"Burkeman, Oliver",,"=""0374159122""","=""9780374159122""",0,"Farrar, Straus and Giroux",Hardcover,245,2021,2021,,2022/04/13,to-read,to-read (#257),to-read,,,,0,0
13314632,"Gli uomini vengono da Marte, le donne da Venere: Istruzioni per l'uso",John  Gray,"Gray, John",,"=""8817038059""","=""9788817038058""",3.0,Rizzoli,Paperback,240,2010,2010,2022/03/28,2022/01/10,,,read,"The theories of this book are quite outdated and might even be considered sexist from time to time. But...<br/><br/>But the book is still quite readable and, IMHO, worth reading. <br/><br/>The book's key message is: women and men are fundamentally different and most common relationship problems are a result of the consequent psychological differences. <br/><br/>One example is men's complaint that if they offer solutions to problems that women bring up in conversation, the women are not necessarily interested in solving those problems, but mainly want to talk about them. <br/><br/>The book asserts each sex can be understood in terms of distinct ways they respond to stress and stressful situations. ",,,1,0
40103903,Come trattare gli altri e farseli amici,Dale Carnegie,"Carnegie, Dale",,"=""8845275302""","=""9788845275302""",5.0,Bompiani,Paperback,264,2013,1936,2018/11/01,2019/01/03,self-improvement,self-improvement (#1),read,,,,1,0
60559993,Vince chi impara: Guida strategica all'apprendimento efficace,Alessandro De Concini,"Concini, Alessandro De",,"=""8807091623""","=""9788807091629""",0,Feltrinelli,Paperback,256,2022,,,2022/03/23,to-read,to-read (#256),to-read,,,,0,0
9703316,Dio e la nuova fisica,Paul C.W. Davies,"Davies, Paul C.W.",,"=""8804386479""","=""9788804386476""",2.0,Mondadori,Paperback,337,1994,1983,2020/02/22,2020/01/25,"philosophy, science","philosophy (#11), science (#22)",read,,,,1,0
3228917,Outliers: The Story of Success,Malcolm Gladwell,"Gladwell, Malcolm",,"=""0316017922""","=""9780316017923""",5.0,"Little, Brown and Company",Hardcover,309,2008,2008,2020/06/01,2020/05/16,favorites,favorites (#17),read,,,,1,0
17571644,The 7 Habits of Highly Effective People: Powerful Lessons in Personal Change,Stephen R. Covey,"Covey, Stephen R.",,"=""1476740054""","=""9781476740058""",5.0,Simon & Schuster,Hardcover,391,2013,1989,2020/10/25,2019/01/03,favorites,favorites (#16),read,,,,1,0
36407347,"The Future of Humanity: Terraforming Mars, Interstellar Travel, Immortality and Our Destiny Beyond Earth",Michio Kaku,"Kaku, Michio",,"=""0241304849""","=""9780241304846""",5.0,PRH,Hardcover,368,2018,2018,2020/12/19,2019/01/03,"favorites, science","favorites (#2), science (#21)",read,,,,1,0
25663540,When Hitler Took Cocaine and Lenin Lost His Brain: History's Unknown Chapters,Giles Milton,"Milton, Giles",,"=""1250078776""","=""9781250078773""",4.0,Picador,Paperback,261,2016,2016,2021/01/01,2021/04/11,history,history (#9),read,Some of the most beautiful short pieces of unknown history.<br/><br/>I bought this book while waiting my flight at the airport for killing time and I haven't been able to stop. Really recommended for casual reading.,,,1,0
9702628,"L'universo elegante: Superstringhe, dimensioni nascoste e la ricerca della teoria ultima",Brian Greene,"Greene, Brian","Luigi Civalleri, Claudio Bartocci","=""8806177397""","=""9788806177393""",4.0,Einaudi,Paperback,396,2005,1999,2020/12/28,2020/12/20,science,science (#20),read,,,,1,0
6759115,Physics for Future Presidents: The Science Behind the Headlines,Richard A. Muller,"Muller, Richard A.",,"=""0393337111""","=""9780393337112""",5.0,W. W. Norton & Company,Paperback,384,2009,2006,2021/08/09,2021/08/05,favorites,favorites (#15),read,,,,2,0
11468377,"Thinking, Fast and Slow",Daniel Kahneman,"Kahneman, Daniel",,"=""0374275637""","=""9780374275631""",5.0,"Farrar, Straus and Giroux",Hardcover,499,2011,2011,2021/10/01,2019/12/19,"favorites, psychology","favorites (#14), psychology (#2)",read,,,,1,0
33517721,The Culture Code: The Secrets of Highly Successful Groups,Daniel Coyle,"Coyle, Daniel",,"=""0804176981""","=""9780804176989""",0,Bantam,Hardcover,304,2018,2017,,2022/03/13,to-read,to-read (#255),to-read,,,,0,0
9827017,La guerra dei mondi,H.G. Wells,"Wells, H.G.",,"=""8842529346""","=""9788842529347""",4.0,Mursia,Paperback,189,2008,1898,2022/03/13,2022/02/24,science-fiction,science-fiction (#1),read,,,,1,0
4590733,L'arte della guerra,Sun Tzu,"Tzu, Sun",Monica Rossi,"=""8804517786""","=""9788804517788""",4.0,Mondadori,Paperback,256,2003,-500,2022/03/05,2022/03/06,,,read,,,,1,0
9661571,Vita di Galileo,Bertolt Brecht,"Brecht, Bertolt",Emilio Castellani,"=""8806062964""","=""9788806062965""",5.0,Einaudi,Paperback,150,2013,1943,2022/02/25,2020/06/05,,,read,,,,1,0
50833868,La doppia elica,James D. Watson,"Watson, James D.",,"=""8811675669""","=""9788811675662""",2.0,Garzanti Libri,Paperback,0,2016,1968,2022/02/22,2021/08/21,,,read,,,,1,0
151848,Probability Theory: The Logic of Science,E.T. Jaynes,"Jaynes, E.T.",G. Larry Bretthorst,"=""0521592712""","=""9780521592710""",0,Cambridge University Press,Hardcover,753,2003,,,2022/02/16,to-read,to-read (#254),to-read,,,,0,0
2928531,La fattoria degli animali,George Orwell,"Orwell, George",Bruno Tasso,"=""880449252X""","=""9788804492528""",5.0,Mondadori,Paperback,115,2001,1945,2022/02/16,2022/01/25,,,read,,,,1,0
15027469,The Big Secret for the Small Investor - A New Route to Long-Term Investment Success,Joel Greenblatt,"Greenblatt, Joel",,"=""1119979609""","=""9781119979609""",2.0,John Wiley & Sons,Hardcover,156,2011,2011,2020/02/12,2020/02/11,personal-finance-management,personal-finance-management (#2),read,,,,1,0
186124,Fortune's Formula: The Untold Story of the Scientific Betting System That Beat the Casinos and Wall Street,William Poundstone,"Poundstone, William",,"=""0809045990""","=""9780809045990""",0,Hill and Wang,Paperback,386,2006,2006,,2022/01/25,to-read,to-read (#253),to-read,,,,0,0
58808165,Rumore. Un difetto del ragionamento umano,Daniel Kahneman,"Kahneman, Daniel","Olivier Sibony, Cass R. Sunstein","=""8851185549""","=""9788851185541""",0,UTET,Paperback,496,2021,2021,,2022/01/25,to-read,to-read (#252),to-read,,,,0,0
52173171,The Idea of the Brain: A History,Matthew Cobb,"Cobb, Matthew",,"=""178125589X""","=""9781781255896""",0,Profile Books,Hardcover,480,2020,2020,,2022/01/25,to-read,to-read (#251),to-read,,,,0,0
41809285,"Errori galattici: Errare è umano, perseverare è scientifico",Luca Perri,"Perri, Luca",Tuono Pettinato,"=""8851166587""","=""9788851166588""",0,DE AGOSTINI,Kindle Edition,165,2018,,,2022/01/23,to-read,to-read (#250),to-read,,,,0,0
9737502,L'uomo che scambiò sua moglie per un cappello,Oliver Sacks,"Sacks, Oliver",Clara Morena,"=""""","=""""",0,Adelphi,Paperback,304,2018,1985,,2020/09/10,to-read,to-read (#93),to-read,,,,0,0
53330118,"Chatter: The Voice in Our Head, Why It Matters, and How to Harness It",Ethan Kross,"Kross, Ethan",,"=""0525575235""","=""9780525575238""",0,Crown Publishing Group,Hardcover,272,2021,2021,,2022/01/16,to-read,to-read (#248),to-read,,,,0,0
54455629,"The Disordered Cosmos: A Journey into Dark Matter, Spacetime, and Dreams Deferred",Chanda Prescod-Weinstein,"Prescod-Weinstein, Chanda",,"=""1541724704""","=""9781541724709""",0,Bold Type Books,Hardcover,320,2021,2021,,2022/01/16,to-read,to-read (#247),to-read,,,,0,0
58446721,The Power of Regret: How Looking Backward Moves Us Forward,Daniel H. Pink,"Pink, Daniel H.",,"=""0735210659""","=""9780735210653""",0,Riverhead Books,Hardcover,239,2022,2022,,2022/01/16,to-read,to-read (#246),to-read,,,,0,0
58437521,The Candy House,Jennifer Egan,"Egan, Jennifer",,"=""1476716765""","=""9781476716763""",0,Scribner,Hardcover,352,2022,2022,,2022/01/16,to-read,to-read (#245),to-read,,,,0,0
30736658,Never Split the Difference: Negotiating as if Your Life Depended on It,Chris Voss,"Voss, Chris",Tahl Raz,"=""""","=""""",4.0,Random House Business,Paperback,274,2017,2016,2022/01/16,2019/01/06,"self-improvement, psychology, negotiating","self-improvement (#7), psychology (#1), negotiating (#1)",read,,,,1,0
35201488,L'ordine del tempo,Carlo Rovelli,"Rovelli, Carlo",,"=""8845931927""","=""9788845931925""",0,Adelphi,Paperback,212,2017,2017,,2020/04/20,to-read,to-read (#65),to-read,,,,0,0
58341462,"Sotto lo stesso cielo. Giappone, Taiwan e Corea, i rivali di Pechino che stanno facendo grande l'Asia",Giulia Pompili,"Pompili, Giulia",,"=""8804738871""","=""9788804738879""",0,Mondadori,Paperback,237,2021,2021,,2022/01/15,to-read,to-read (#244),to-read,,,,0,0
25135194,"Prisoners of Geography: Ten Maps That Tell You Everything You Need to Know About Global Politics (Politics of Place, #1)",Tim  Marshall,"Marshall, Tim",,"=""1783961414""","=""9781783961412""",5.0,Elliott & Thompson,Hardcover,256,2015,2015,2022/01/15,2022/01/10,"favorites, geopolitics, economy","favorites (#13), geopolitics (#1), economy (#7)",read,,,,1,0
23355493,Sette brevi lezioni di fisica,Carlo Rovelli,"Rovelli, Carlo",,"=""8845929256""","=""9788845929250""",0,Adelphi,Paperback,94,2014,2014,,2020/04/16,to-read,to-read (#63),to-read,,,,0,0
59773573,Helgoland (French Edition),Carlo Rovelli,"Rovelli, Carlo",,"=""2080251759""","=""9782080251756""",5.0,Flammarion,Kindle Edition,226,2021,2020,2022/01/06,2022/01/06,"favorites, philosophy, science","favorites (#12), philosophy (#10), science (#19)",read,,,,1,0
1310963,"The Economist's View of the World: Government, Markets, & Public Policy",Steven E. Rhoads,"Rhoads, Steven E.",,"=""0521317649""","=""9780521317641""",0,Cambridge University Press,Paperback,331,1990,1985,,2022/01/09,to-read,to-read (#243),to-read,,,,0,0
57181862,The Economist's View of the World: And the Quest for Well-Being,Steven E. Rhoads,"Rhoads, Steven E.",,"=""1108845940""","=""9781108845946""",0,Cambridge University Press,Hardcover,334,2021,1984,,2022/01/09,to-read,to-read (#242),to-read,,,,0,0
2621927,Scientific Advertising,Claude C. Hopkins,"Hopkins, Claude C.",,"=""1599869160""","=""9781599869162""",5.0,Fq Classics,Paperback,104,2007,1923,2022/01/06,2022/01/05,,,read,,,,1,0
9710110,Il teorema del pappagallo,Denis Guedj,"Guedj, Denis",Lidia Perria,"=""8850217722""","=""9788850217724""",0,TEA,Paperback,553,2008,1998,,2022/01/02,to-read,to-read (#241),to-read,,,,0,0
53407201,Se tutte le stelle venissero giù: E altre domande che non ci fanno dormire la notte,Filippo Bonaventura,"Bonaventura, Filippo","Lorenzo Colombo, Matteo Miluzio","=""8831800612""","=""""",4.0,Rizzoli,Kindle Edition,181,2020,,2022/01/02,2020/06/03,,,read,,,,1,0
761141,The Gentle Seduction,Marc Stiegler,"Stiegler, Marc",,"=""0671698877""","=""9780671698874""",0,Baen,Paperback,277,1990,1989,,2022/01/02,to-read,to-read (#240),to-read,,,,0,0
34466958,Bullshit Jobs: A Theory,David Graeber,"Graeber, David",,"=""150114331X""","=""9781501143311""",0,Simon & Schuster,Hardcover,335,2018,2018,,2022/01/02,to-read,to-read (#239),to-read,,,,0,0
66354,Flow: The Psychology of Optimal Experience,Mihály Csíkszentmihályi,"Csíkszentmihályi, Mihály",,"=""""","=""""",0,Harper Perennial,Paperback,303,1990,1990,,2022/01/02,to-read,to-read (#238),to-read,,,,0,0
52962238,Principles for Dealing with the Changing World Order: Why Nations Succeed and Fail,Ray Dalio,"Dalio, Ray",,"=""1982160276""","=""9781982160272""",0,Avid Reader Press / Simon & Schuster,Hardcover,576,2021,2021,,2022/01/02,to-read,to-read (#237),to-read,,,,0,0
17340282,Ai lavoratori: discorsi agli operai di Pozzuoli e Ivrea,Adriano Olivetti,"Olivetti, Adriano",Luciano Gallino,"=""8898220049""","=""9788898220045""",3.0,Edizioni di Comunità,Kindle Edition,29,2012,2012,2021/12/29,2021/12/29,,,read,,,,1,0
16117499,Che cos'è la vita? Scienza e umanesimo,Erwin Schrödinger,"Schrödinger, Erwin",Mario Ageno,"=""8838300704""","=""9788838300707""",5.0,Sansoni,Paperback,145,1988,1944,2021/12/28,2021/12/23,,,read,,,,1,0
57007970,Thinking Better: The Art of the Shortcut in Math and Life,Marcus du Sautoy,"Sautoy, Marcus du",,"=""1541600363""","=""9781541600362""",0,Basic Books,Hardcover,336,2021,,,2021/12/28,to-read,to-read (#236),to-read,,,,0,0
291920,The Character of Physical Law,Richard P. Feynman,"Feynman, Richard P.",James Gleick,"=""0679601279""","=""9780679601272""",1.0,Modern Library,Hardcover,192,1994,1965,,2021/12/23,to-read,to-read (#235),to-read,,,,1,0
10455935,Neuroni specchio,Laila Craighero,"Craighero, Laila",,"=""8815301739""","=""9788815301734""",4.0,il Mulino,Kindle Edition,130,2010,2010,2021/12/23,2021/12/22,,,read,,,,1,0
28789711,SPQR: A History of Ancient Rome,Mary Beard,"Beard, Mary",,"=""1631492225""","=""9781631492228""",0,Liveright,Paperback,606,2016,2015,,2021/12/23,to-read,to-read (#234),to-read,,,,0,0
39020,1491: New Revelations of the Americas Before Columbus,Charles C. Mann,"Mann, Charles C.",,"=""1400032059""","=""9781400032051""",0,Vintage,Paperback,563,2011,2005,,2021/12/23,to-read,to-read (#233),to-read,,,,0,0
767171,The Rise and Fall of the Third Reich: A History of Nazi Germany,William L. Shirer,"Shirer, William L.",,"=""0671728687""","=""9780671728687""",0,Simon & Schuster,Mass Market Paperback,1147,1990,1960,,2021/12/23,to-read,to-read (#232),to-read,,,,0,0
77203,The Kite Runner,Khaled Hosseini,"Hosseini, Khaled",,"=""159463193X""","=""9781594631931""",0,Riverhead Books,Paperback,371,2004,2003,,2021/12/23,to-read,to-read (#231),to-read,,,,0,0
17780,In the Heart of the Sea: The Tragedy of the Whaleship Essex,Nathaniel Philbrick,"Philbrick, Nathaniel",,"=""0141001828""","=""9780141001821""",0,Penguin Books,Paperback,302,2001,2000,,2021/12/23,to-read,to-read (#230),to-read,,,,0,0
14743,The God Delusion: A Study of Religious Belief and Skepticism,Richard Dawkins,"Dawkins, Richard",,"=""0618680004""","=""9780618680009""",0,Houghton Mifflin Co.,Hardcover,374,2006,2006,,2021/12/23,to-read,to-read (#229),to-read,,,,0,0
1097,Fast Food Nation: The Dark Side of the All-American Meal,Eric Schlosser,"Schlosser, Eric",,"=""0060838582""","=""9780060838584""",0,Harper Perennial,Paperback,383,2005,2001,,2021/12/23,to-read,to-read (#228),to-read,,,,0,0
386187,Midnight in the Garden of Good and Evil,John Berendt,"Berendt, John",,"=""0679751521""","=""9780679751526""",0,Vintage,Paperback,386,1999,1994,,2021/12/23,to-read,to-read (#227),to-read,,,,0,0
32145,Stiff: The Curious Lives of Human Cadavers,Mary Roach,"Roach, Mary",,"=""0393324826""","=""9780393324822""",0,W. W. Norton  Company,Paperback,304,2004,2003,,2021/12/23,to-read,to-read (#226),to-read,,,,0,0
1617,Night,Elie Wiesel,"Wiesel, Elie","Marion Wiesel, François Mauriac","=""0374500010""","=""9780374500016""",0,Hill & Wang,Paperback,120,2006,1956,,2021/12/23,to-read,to-read (#225),to-read,,,,0,0
21996,The Devil in the White City,Erik Larson,"Larson, Erik",Tony Goldwyn,"=""0739303406""","=""9780739303405""",0,Random House Audio Publishing Group,Paperback,496,2003,2003,,2021/12/23,to-read,to-read (#224),to-read,,,,0,0
43641,Water for Elephants,Sara Gruen,"Gruen, Sara",,"=""1565125606""","=""9781565125605""",0,Algonquin Books,Paperback,368,2007,2006,,2021/12/23,to-read,to-read (#223),to-read,,,,0,0
7190,The Three Musketeers,Alexandre Dumas,"Dumas, Alexandre","Richard Pevear, Philip Bates, William Barrow, August Zoller, Marisa Zini, Moshe Ukkle, Pierre Toutain-Dorbec, John      Lee, Jacques Georges Clemenc Le Clercq, Natalie Montoto, S.M. Sheley, Daniel Rasmusson, Louis Jourdan, Walter Covell, Michael  Page, Michael Hugh Johnson, Sylvie Thorel-Cailleteau, Milo Winter, Bill Homewood, Arthur Paul John Charles James Gore Sudley, S.N. Rizvi, Giorgio Manganelli, William Robson, Isabel Ely Lord","=""""","=""""",0,Modern Library,Paperback,625,2001,1844,,2021/12/23,to-read,to-read (#222),to-read,,,,0,0
2547,The Prophet,Kahlil Gibran,"Gibran, Kahlil",,"=""000100039X""","=""9780001000391""",0,Rupa & Co,Paperback,127,2003,1923,,2021/12/23,to-read,to-read (#221),to-read,,,,0,0
40940121,Bridge to Terabithia,Katherine Paterson,"Paterson, Katherine",,"=""""","=""""",0,HarperCollins,Kindle Edition,190,2009,1977,,2021/12/23,to-read,to-read (#220),to-read,,,,0,0
15241,"The Two Towers (The Lord of the Rings, #2)",J.R.R. Tolkien,"Tolkien, J.R.R.",Peter S. Beagle,"=""0618346260""","=""9780618346264""",0,Houghton Mifflin,Paperback,322,1993,1954,,2021/12/23,to-read,to-read (#219),to-read,,,,0,0
18512,"The Return of the King (The Lord of the Rings, #3)",J.R.R. Tolkien,"Tolkien, J.R.R.",,"=""""","=""""",0,Del Rey,Mass Market Paperback,404,2003,1955,,2021/12/23,to-read,to-read (#218),to-read,,,,0,0
39776179,Dune (Dune #1),Frank Herbert,"Herbert, Frank",,"=""0441013597""","=""9780441013593""",0,Ace,Paperback,687,2005,1965,,2021/12/23,to-read,to-read (#217),to-read,,,,0,0
14935,Sense and Sensibility,Jane Austen,"Austen, Jane",Ros Ballaster,"=""0141439661""","=""9780141439662""",0,Penguin Books,Paperback,409,2003,1811,,2021/12/23,to-read,to-read (#216),to-read,,,,0,0
22628,The Perks of Being a Wallflower,Stephen Chbosky,"Chbosky, Stephen",,"=""""","=""""",0,MTV Books/Pocket Books,Hardcover,240,1999,1999,,2021/12/23,to-read,to-read (#215),to-read,,,,0,0
4934,The Brothers Karamazov,Fyodor Dostoevsky,"Dostoevsky, Fyodor","Richard Pevear, Larissa Volokhonsky","=""0374528373""","=""9780374528379""",0,"Farrar, Straus and Giroux",Paperback,796,2002,1879,,2021/12/23,to-read,to-read (#214),to-read,,,,0,0
15881,"Harry Potter and the Chamber of Secrets (Harry Potter, #2)",J.K. Rowling,"Rowling, J.K.",Mary GrandPré,"=""""","=""""",0,Arthur A. Levine Books,Hardcover,341,1999,1998,,2021/12/23,to-read,to-read (#213),to-read,,,,0,0
485894,The Metamorphosis,Franz Kafka,"Kafka, Franz",Stanley Corngold,"=""0553213695""","=""9780553213690""",0,Bantam Classics,Mass Market Paperback,201,1972,1915,,2021/12/23,to-read,to-read (#212),to-read,,,,0,0
18619684,The Time Traveler's Wife,Audrey Niffenegger,"Niffenegger, Audrey",,"=""1939126010""","=""9781939126016""",0,Zola Books,ebook,537,2013,2003,,2021/12/23,to-read,to-read (#211),to-read,,,,0,0
7604,Lolita,Vladimir Nabokov,"Nabokov, Vladimir",Craig Raine,"=""""","=""""",0,Penguin,Paperback,368,1995,1955,,2021/12/23,to-read,to-read (#210),to-read,,,,0,0
12296,The Scarlet Letter,Nathaniel Hawthorne,"Hawthorne, Nathaniel","Nina Baym, Thomas E. Connolly","=""0142437263""","=""9780142437261""",0,Penguin Books,Paperback,279,2002,1850,,2021/12/23,to-read,to-read (#209),to-read,,,,0,0
3263607,"The Fellowship of the Ring (The Lord of the Rings, #1)",J.R.R. Tolkien,"Tolkien, J.R.R.",,"=""""","=""""",0,Ballantine Books,Mass Market Paperback,527,1973,1954,,2021/12/23,to-read,to-read (#208),to-read,,,,0,0
15823480,Anna Karenina,Leo Tolstoy,"Tolstoy, Leo","Aylmer Maude, Louise Maude, Dieter Wellershoff, Bruno Goetz, Lev Tolstoj","=""0345803922""","=""9780345803924""",0,Vintage,Paperback,964,2012,1878,,2021/12/23,to-read,to-read (#207),to-read,,,,0,0
24583,The Adventures of Tom Sawyer,Mark Twain,"Twain, Mark","Guy Cardwell, John Seelye, Mark Hallaq, Amanda Lee","=""""","=""9780143039563""",0,Penguin Classics,Paperback,244,2006,1876,,2021/12/23,to-read,to-read (#206),to-read,,,,0,0
320,One Hundred Years of Solitude,Gabriel García Márquez,"Márquez, Gabriel García",Gregory Rabassa,"=""""","=""""",0,Harper,Mass Market Paperback,417,2003,1967,,2021/12/23,to-read,to-read (#205),to-read,,,,0,0
100915,"The Lion, the Witch and the Wardrobe (Chronicles of Narnia, #1)",C.S. Lewis,"Lewis, C.S.","Tormod Haugen, Per Svein Paulsen","=""""","=""""",0,HarperCollins Publishers,Paperback,206,2005,1950,,2021/12/23,to-read,to-read (#204),to-read,,,,0,0
929,Memoirs of a Geisha,Arthur Golden,"Golden, Arthur",,"=""1400096898""","=""9781400096893""",0,Vintage Books USA,Mass Market Paperback,503,2005,1997,,2021/12/23,to-read,to-read (#203),to-read,,,,0,0
2998,The Secret Garden,Frances Hodgson Burnett,"Burnett, Frances Hodgson",,"=""0517189607""","=""9780517189603""",0,Children's Classics,Hardcover,331,1998,1911,,2021/12/23,to-read,to-read (#202),to-read,,,,0,0
7144,Crime and Punishment,Fyodor Dostoevsky,"Dostoevsky, Fyodor","David McDuff, Joseph Frank, Fyodor Dostoyevsky","=""""","=""""",0,Penguin,Paperback,671,2002,1866,,2021/12/23,to-read,to-read (#201),to-read,,,,0,0
1,"Harry Potter and the Half-Blood Prince (Harry Potter, #6)",J.K. Rowling,"Rowling, J.K.",,"=""""","=""""",0,Scholastic Inc,Paperback,652,2006,2005,,2021/12/23,to-read,to-read (#200),to-read,,,,0,0
6,"Harry Potter and the Goblet of Fire (Harry Potter, #4)",J.K. Rowling,"Rowling, J.K.",Mary GrandPré,"=""0439139597""","=""9780439139595""",0,Scholastic,Paperback,734,2002,2000,,2021/12/23,to-read,to-read (#199),to-read,,,,0,0
5,"Harry Potter and the Prisoner of Azkaban (Harry Potter, #3)",J.K. Rowling,"Rowling, J.K.",Mary GrandPré,"=""043965548X""","=""9780439655484""",0,Scholastic Inc.,Mass Market Paperback,547,2004,1999,,2021/12/23,to-read,to-read (#198),to-read,,,,0,0
5907,"The Hobbit, or There and Back Again",J.R.R. Tolkien,"Tolkien, J.R.R.","Douglas A. Anderson, Michael Hague, Jemima Catlin","=""""","=""""",0,Houghton Mifflin,Paperback,366,2002,1937,,2021/12/23,to-read,to-read (#197),to-read,,,,0,0
136251,"Harry Potter and the Deathly Hallows (Harry Potter, #7)",J.K. Rowling,"Rowling, J.K.",,"=""""","=""""",0,Arthur A. Levine Books,Hardcover,759,2007,2007,,2021/12/23,to-read,to-read (#196),to-read,,,,0,0
11127,"The Chronicles of Narnia (The Chronicles of Narnia, #1-7)",C.S. Lewis,"Lewis, C.S.",Pauline Baynes,"=""0066238501""","=""9780066238500""",0,HarperCollins,Paperback,767,2014,1956,,2021/12/23,to-read,to-read (#195),to-read,,,,0,0
10210,Jane Eyre,Charlotte Brontë,"Brontë, Charlotte",Michael Mason,"=""0142437204""","=""9780142437209""",0,Penguin,Paperback,532,2003,1847,,2021/12/23,to-read,to-read (#194),to-read,,,,0,0
19063,The Book Thief,Markus Zusak,"Zusak, Markus",,"=""""","=""""",0,Alfred A. Knopf,Kindle Edition,592,2006,2005,,2021/12/23,to-read,to-read (#193),to-read,,,,0,0
157993,The Little Prince,Antoine de Saint-Exupéry,"Saint-Exupéry, Antoine de",Richard Howard,"=""0152023984""","=""9780152023980""",0,"Harcourt, Inc.",Hardcover,96,2000,1943,,2021/12/23,to-read,to-read (#192),to-read,,,,0,0
48855,The Diary of a Young Girl,Anne Frank,"Frank, Anne","Eleanor Roosevelt, Susan Massotty, Γιάννης Θωμόπουλος, Barbara Mooyaart-Doubleday, Otto H. Frank, Mirjam Pressler","=""""","=""""",0,Bantam,Mass Market Paperback,340,1993,1947,,2021/12/23,to-read,to-read (#191),to-read,,,,0,0
3,"Harry Potter and the Sorcerer's Stone (Harry Potter, #1)",J.K. Rowling,"Rowling, J.K.",,"=""0439554934""","=""9780439554930""",0,Scholastic Inc,Hardcover,309,2003,1997,,2021/12/23,to-read,to-read (#190),to-read,,,,0,0
43813523,"L'ultimo teorema di Fermat. L'avventura di un genio, di un problema matematico e dell'uomo che lo ha risolto",Simon Singh,"Singh, Simon",,"=""8817102962""","=""9788817102964""",4.0,BUR Biblioteca Univ. Rizzoli,Paperback,320,2018,1997,2021/12/22,2021/01/16,,,read,,,,1,0
99245,Nightfall,Isaac Asimov,"Asimov, Isaac",Robert Silverberg,"=""0553290991""","=""9780553290998""",0,Bantam Books,Mass Market Paperback,339,2012,1990,,2021/12/22,to-read,to-read (#189),to-read,,,,0,0
41810,"The Robots of Dawn (Robot, #3)",Isaac Asimov,"Asimov, Isaac",,"=""0553299492""","=""9780553299496""",0,Spectra,Mass Market Paperback,435,1994,1983,,2021/12/22,to-read,to-read (#188),to-read,,,,0,0
76679,"Forward the Foundation (Foundation, #7)",Isaac Asimov,"Asimov, Isaac",,"=""0553565079""","=""9780553565072""",0,Bantam/Spectra,Paperback,464,1994,1993,,2021/12/22,to-read,to-read (#187),to-read,,,,0,0
30016,"The Naked Sun (Robot, #2)",Isaac Asimov,"Asimov, Isaac",Chris     Moore,"=""""","=""""",0,HarperCollins Publishers,Mass Market Paperback,204,1993,1958,,2021/12/22,to-read,to-read (#186),to-read,,,,0,0
509784,The End of Eternity,Isaac Asimov,"Asimov, Isaac",Apostol András,"=""0449016196""","=""9780449016190""",0,Fawcett Crest,Mass Market Paperback,192,1971,1955,,2021/12/22,to-read,to-read (#185),to-read,,,,0,0
41821,The Gods Themselves,Isaac Asimov,"Asimov, Isaac",,"=""1857989341""","=""9781857989342""",0,Millenium,Paperback,288,2000,1972,,2021/12/22,to-read,to-read (#184),to-read,,,,0,0
29582,"Foundation and Earth (Foundation, #5)",Isaac Asimov,"Asimov, Isaac",,"=""0553587579""","=""9780553587579""",0,Spectra,Mass Market Paperback,499,2004,1986,,2021/12/22,to-read,to-read (#183),to-read,,,,0,0
30013,"Prelude to Foundation (Foundation, #6)",Isaac Asimov,"Asimov, Isaac",,"=""""","=""""",0,Voyager,Mass Market Paperback,460,1994,1988,,2021/12/22,to-read,to-read (#182),to-read,,,,0,0
76683,"Foundation's Edge (Foundation, #4)",Isaac Asimov,"Asimov, Isaac",,"=""0553293389""","=""9780553293388""",0,Bantam/Spectra,Paperback,450,2010,1982,,2021/12/22,to-read,to-read (#181),to-read,,,,0,0
41811,"The Caves of Steel (Robot, #1)",Isaac Asimov,"Asimov, Isaac",,"=""""","=""""",0,Voyager,Mass Market Paperback,206,1997,1953,,2021/12/22,to-read,to-read (#180),to-read,,,,0,0
46654,"The Foundation Trilogy (Foundation, #1-3)",Isaac Asimov,"Asimov, Isaac",,"=""0380508567""","=""9780380508563""",0,,Mass Market Paperback,679,1974,1953,,2021/12/22,to-read,to-read (#179),to-read,,,,0,0
29580,"Second Foundation (Foundation, #3)",Isaac Asimov,"Asimov, Isaac",,"=""0553803735""","=""9780553803730""",0,Bantam Spectra,Hardcover,256,2004,1953,,2021/12/22,to-read,to-read (#178),to-read,,,,0,0
29581,"Foundation and Empire (Foundation, #2)",Isaac Asimov,"Asimov, Isaac",,"=""0553803727""","=""9780553803723""",0,Spectra,Hardcover,256,2004,1952,,2021/12/22,to-read,to-read (#177),to-read,,,,0,0
41804,"I, Robot (Robot, #0.1)",Isaac Asimov,"Asimov, Isaac",,"=""0553803700""","=""9780553803709""",0,Bantam Books,Hardcover,224,2004,1950,,2021/12/22,to-read,to-read (#176),to-read,,,,0,0
29579,"Foundation (Foundation, #1)",Isaac Asimov,"Asimov, Isaac",,"=""0553803719""","=""9780553803716""",0,Bantam,Hardcover,244,2004,1951,,2021/12/22,to-read,to-read (#175),to-read,,,,0,0
44169955,"Think and Grow Rich®: The Original, an Official Publication of The Napoleon Hill Foundation®",Napoleon Hill,"Hill, Napoleon",,"=""1937879518""","=""9781937879518""",1.0,Sound Wisdom,Kindle Edition,388,2019,1937,2021/12/19,2019/01/03,,,read,,,,1,0
55823072,Come si fa: Consigli scientifici assurdi per problemi comuni della vita quotidiana,Randall Munroe,"Munroe, Randall","Karistina  Lafae, Daniele A. Gewurz","=""8858790820""","=""9788858790823""",0,Bompiani,ebook,320,2020,2019,,2021/12/19,to-read,to-read (#174),to-read,,,,0,0
56224080,Rationality,Steven Pinker,"Pinker, Steven",,"=""0241380278""","=""9780241380277""",0,Allen Lane,Hardcover,432,2021,2021,,2021/12/01,to-read,to-read (#173),to-read,,,,0,0
35696171,"Enlightenment Now: The Case for Reason, Science, Humanism, and Progress",Steven Pinker,"Pinker, Steven",,"=""0525427570""","=""9780525427575""",0,Viking,Hardcover,576,2018,2018,,2021/12/01,to-read,to-read (#172),to-read,,,,0,0
52040035,Il piccolo libro dell'investimento. Un modo efficace per garantire il tuo guadagno nel mercato azionario,John C. Bogle,"Bogle, John C.",Laura Majocchi,"=""8863662495""","=""9788863662498""",0,Gribaudi,Paperback,285,2017,2007,,2020/08/03,to-read,to-read (#85),to-read,,,,0,0
12075,Tractatus Logico-Philosophicus (Routledge Classics),Ludwig Wittgenstein,"Wittgenstein, Ludwig","David Pears, Brian McGuinness, Bertrand Russell","=""0415254086""","=""9780415254083""",0,Routledge,Paperback,142,2001,1921,,2021/10/12,to-read,to-read (#171),to-read,,,,0,0
25814544,Sprint: How to Solve Big Problems and Test New Ideas in Just Five Days,Jake Knapp,"Knapp, Jake","John Zeratsky, Braden Kowitz","=""""","=""9781501121746""",3.0,Simon & Schuster,Hardcover,274,2016,2016,2021/10/11,2021/10/10,,,read,,,,1,0
2601450,La coscienza di Zeno,Italo Svevo,"Svevo, Italo",,"=""8804492945""","=""9788804492948""",0,Mondadori,Paperback,413,1988,1923,2009/09/01,2021/09/25,,,read,,,,1,0
11349838,Il divano di Istanbul,Alessandro Barbero,"Barbero, Alessandro",Sergio Valzania,"=""8838925380""","=""9788838925382""",0,Sellerio,Paperback,220,2011,2011,,2021/09/25,to-read,to-read (#170),to-read,,,,0,0
9676991,Il fu Mattia Pascal,Luigi Pirandello,"Pirandello, Luigi",,"=""8844033666""","=""9788844033668""",3.0,Giunti Demetra,Paperback,309,2007,1904,2009/08/01,2021/09/25,,,read,,,,1,0
759945,The Magic of Thinking Big,David J. Schwartz,"Schwartz, David J.",,"=""0671646788""","=""9780671646783""",0,Touchstone,Paperback,238,1987,1959,,2021/09/25,to-read,to-read (#169),to-read,,,,0,0
1134122,The Power of Positive Thinking,Norman Vincent Peale,"Peale, Norman Vincent",,"=""1416560610""","=""9781416560616""",0,Fireside,Hardcover,128,2007,1952,,2021/09/25,to-read,to-read (#168),to-read,,,,0,0
54546067,Consequences of Capitalism: Manufacturing Discontent and Resistance,Noam Chomsky,"Chomsky, Noam",Marv Waterstone,"=""0241482615""","=""9780241482612""",0,Hamish Hamilton,Paperback,388,2021,2020,,2021/09/25,to-read,to-read (#167),to-read,,,,0,0
58657489,A Biography of the Pixel (Leonardo),Alvy Ray Smith,"Smith, Alvy Ray",,"=""0262365219""","=""9780262365215""",0,The MIT Press,Kindle Edition,558,2021,2022,,2021/08/22,to-read,to-read (#148),to-read,,,,0,0
34688468,The Dialogues: Conversations about the Nature of the Universe,Clifford V. Johnson,"Johnson, Clifford V.",Frank Wilczek,"=""0262037238""","=""9780262037235""",4.0,The MIT Press,Hardcover,246,2017,,2021/09/11,2021/08/29,,,read,,,,1,0
35959740,Circe,Madeline Miller,"Miller, Madeline",,"=""0316556343""","=""9780316556347""",0,"Little, Brown and Company",Hardcover,393,2018,2018,,2021/09/11,to-read,to-read (#166),to-read,,,,0,0
2122687,La casa degli spiriti,Isabel Allende,"Allende, Isabel","Angelo Morino, Sonia Piloto di Castri","=""880781000X""","=""9788807810008""",0,Feltrinelli,Paperback,364,1987,1982,,2021/09/11,to-read,to-read (#165),to-read,,,,0,0
35957157,Thinking in Bets: Making Smarter Decisions When You Don't Have All the Facts,Annie Duke,"Duke, Annie",,"=""0735216355""","=""9780735216358""",4.0,Portfolio,Hardcover,288,2018,2018,2021/09/04,2021/08/25,,,read,,,,1,0
35133922,Educated,Tara Westover,"Westover, Tara",,"=""0399590501""","=""9780399590504""",0,Random House,Hardcover,352,2018,2018,,2021/08/29,to-read,to-read (#164),to-read,,,,0,0
6493208,The Immortal Life of Henrietta Lacks,Rebecca Skloot,"Skloot, Rebecca",,"=""1400052173""","=""9781400052172""",0,Crown Publishing Group,Hardcover,370,2010,2010,,2021/08/29,to-read,to-read (#163),to-read,,,,0,0
21913812,This Changes Everything: Capitalism vs. The Climate,Naomi Klein,"Klein, Naomi",,"=""1451697384""","=""9781451697384""",0,Simon & Schuster,Hardcover,566,2014,2014,,2021/08/29,to-read,to-read (#162),to-read,,,,0,0
9542311,Packing for Mars: The Curious Science of Life in the Void,Mary Roach,"Roach, Mary",,"=""0393339912""","=""9780393339918""",0,W. W. Norton & Company,Paperback,334,2011,2010,,2021/08/29,to-read,to-read (#161),to-read,,,,0,0
22435,"The Fabric of the Cosmos: Space, Time, and the Texture of Reality",Brian Greene,"Greene, Brian",,"=""0965900584""","=""9780965900584""",0,Alfred Knopf,Paperback,569,2004,2004,,2021/08/29,to-read,to-read (#160),to-read,,,,0,0
46417,"Capitalism and Modern Social Theory: An Analysis of the Writings of Marx, Durkheim and Max Weber",Anthony Giddens,"Giddens, Anthony",,"=""0521097851""","=""9780521097857""",0,Cambridge University Press,Paperback,261,1973,1971,,2021/08/29,to-read,to-read (#159),to-read,,,,0,0
7507825,At Home: A Short History of Private Life,Bill  Bryson,"Bryson, Bill",,"=""0767919386""","=""9780767919388""",0,Doubleday,Hardcover,497,2010,2010,,2021/08/29,to-read,to-read (#158),to-read,,,,0,0
18254,Oliver Twist,Charles Dickens,"Dickens, Charles",Philip Horne,"=""""","=""""",0,Penguin Books,Paperback,608,2003,1838,,2021/08/29,to-read,to-read (#157),to-read,,,,0,0
46170,For Whom the Bell Tolls,Ernest Hemingway,"Hemingway, Ernest",,"=""""","=""""",0,Scribner,Paperback,471,1995,1940,,2021/08/29,to-read,to-read (#156),to-read,,,,0,0
1953,A Tale of Two Cities,Charles Dickens,"Dickens, Charles",,"=""0141439602""","=""9780141439600""",0,Penguin Books,Paperback,489,2003,1859,,2021/08/29,to-read,to-read (#155),to-read,,,,0,0
2657,To Kill a Mockingbird,Harper Lee,"Lee, Harper",,"=""0060935464""","=""9780060935467""",0,Harper Perennial Modern Classics ,Paperback,323,2006,1960,,2021/08/29,to-read,to-read (#154),to-read,,,,0,0
338798,Ulysses,James Joyce,"Joyce, James","Morris L. Ernst, John M. Woolsey","=""""","=""""",0,Vintage,Paperback,783,1990,1922,,2021/08/29,to-read,to-read (#153),to-read,,,,0,0
7126,The Count of Monte Cristo,Alexandre Dumas,"Dumas, Alexandre",Robin Buss,"=""0140449264""","=""9780140449266""",0,Penguin Classics,Paperback,1276,2003,1846,,2021/08/29,to-read,to-read (#152),to-read,,,,0,0
38728977,"The Molecule of More: How a Single Chemical in Your Brain Drives Love, Sex, and Creativity—and Will Determine the Fate of the Human Race",Daniel Z. Lieberman,"Lieberman, Daniel Z.",Michael E. Long,"=""1946885118""","=""9781946885111""",0,BenBella Books,Hardcover,240,2018,2018,,2021/08/28,to-read,to-read (#151),to-read,,,,0,0
61553,The Poverty of Historicism,Karl Popper,"Popper, Karl",,"=""0415278465""","=""9780415278461""",3.0,Routledge,Paperback,176,2002,1957,2021/08/28,2021/08/28,,,read,,,,1,0
54797008,Visual Differential Geometry and Forms: A Mathematical Drama in Five Acts,Tristan Needham,"Needham, Tristan",,"=""""","=""""",0,Princeton University Press,Unknown Binding,,,,,2021/08/25,to-read,to-read (#150),to-read,,,,0,0
51801361,"Hot Molecules, Cold Electrons: From the Mathematics of Heat to the Development of the Trans-Atlantic Telegraph Cable",Paul J. Nahin,"Nahin, Paul J.",,"=""0691191727""","=""9780691191720""",0,Princeton University Press,Hardcover,208,2020,,,2021/08/25,to-read,to-read (#149),to-read,,,,0,0
28257707,The Subtle Art of Not Giving a F*ck: A Counterintuitive Approach to Living a Good Life,Mark Manson,"Manson, Mark",,"=""""","=""9798804636129""",5.0,Harper,Paperback,212,2016,2016,2021/08/24,2020/02/19,,,read,,,,1,0
28789699,Now: The Physics of Time,Richard A. Muller,"Muller, Richard A.",,"=""0393285235""","=""9780393285239""",3.0,W. W. Norton & Company,Hardcover,364,2016,2016,2021/08/22,2021/08/19,,,read,,,,1,0
1911,The World Is Flat: A Brief History of the Twenty-first Century,Thomas L. Friedman,"Friedman, Thomas L.",,"=""0374292795""","=""9780374292799""",0,"Farrar, Straus and Giroux (NY)",Hardcover,593,2006,2005,,2021/08/21,to-read,to-read (#147),to-read,,,,0,0
2082136,Bonk: The Curious Coupling of Science and Sex,Mary Roach,"Roach, Mary",,"=""0393064646""","=""9780393064643""",0,W. W. Norton  Company,Hardcover,319,2008,2008,,2021/08/21,to-read,to-read (#146),to-read,,,,0,0
6402364,"SuperFreakonomics: Global Cooling, Patriotic Prostitutes And Why Suicide Bombers Should Buy Life Insurance",Steven D. Levitt,"Levitt, Steven D.",Stephen J. Dubner,"=""0060889578""","=""9780060889579""",0,William Morrow,Hardcover,270,2009,2009,,2021/08/21,to-read,to-read (#145),to-read,,,,0,0
1237300,The Shock Doctrine: The Rise of Disaster Capitalism,Naomi Klein,"Klein, Naomi",,"=""0805079831""","=""9780805079838""",0,Metropolitan Books,Hardcover,558,2007,2007,,2021/08/21,to-read,to-read (#144),to-read,,,,0,0
8520610,Quiet: The Power of Introverts in a World That Can't Stop Talking,Susan Cain,"Cain, Susan",,"=""0307352145""","=""9780307352149""",0,Crown Publishers,Hardcover,333,2012,2012,,2021/08/21,to-read,to-read (#143),to-read,,,,0,0
475,Collapse: How Societies Choose to Fail or Succeed,Jared Diamond,"Diamond, Jared",,"=""0143036556""","=""9780143036555""",0,Penguin Books Ltd. (London),Paperback,608,2005,2004,,2021/08/21,to-read,to-read (#142),to-read,,,,0,0
40102,Blink: The Power of Thinking Without Thinking,Malcolm Gladwell,"Gladwell, Malcolm","Barry    Fox, Irina Henegar","=""0316010669""","=""9780316010665""",0,Back Bay Books,Paperback,296,2007,2005,,2021/08/21,to-read,to-read (#141),to-read,,,,0,0
3109,The Omnivore's Dilemma: A Natural History of Four Meals,Michael Pollan,"Pollan, Michael",,"=""1594200823""","=""9781594200823""",0,The Penguin Press,Hardcover,450,2006,2006,,2021/08/21,to-read,to-read (#140),to-read,,,,0,0
1168341,Physics of the Impossible,Michio Kaku,"Kaku, Michio",,"=""0385520697""","=""9780385520690""",0,Doubleday Books,Hardcover,329,2008,2008,,2021/08/21,to-read,to-read (#139),to-read,,,,0,0
5755,The Language Instinct: How the Mind Creates Language,Steven Pinker,"Pinker, Steven",,"=""0060958332""","=""9780060958336""",0,Harper Perennial Modern Classics,Paperback,448,2000,1994,,2021/08/21,to-read,to-read (#138),to-read,,,,0,0
16884,The Making of the Atomic Bomb,Richard Rhodes,"Rhodes, Richard",,"=""0684813785""","=""9780684813783""",0,Simon & Schuster,Paperback,886,1995,1986,,2021/08/21,to-read,to-read (#137),to-read,,,,0,0
2095,The Universe in a Nutshell,Stephen W. Hawking,"Hawking, Stephen W.",,"=""055380202X""","=""9780553802023""",0,Bantam,Hardcover,216,2001,2001,,2021/08/21,to-read,to-read (#136),to-read,,,,0,0
6117055,The Greatest Show on Earth: The Evidence for Evolution,Richard Dawkins,"Dawkins, Richard",,"=""059306173X""","=""9780593061732""",0,Bantam Press,Hardcover,470,2009,2009,,2021/08/21,to-read,to-read (#135),to-read,,,,0,0
55030,Cosmos,Carl Sagan,"Sagan, Carl",,"=""0375508325""","=""9780375508325""",0,Random House,Mass Market Paperback,384,2002,1980,,2021/08/21,to-read,to-read (#134),to-read,,,,0,0
4808763,The Last Question,Isaac Asimov,"Asimov, Isaac","Bob E. Flick, Jim Gallant","=""1884214495""","=""9781884214493""",0,Ziggurat Productions,Audio CD,9,2007,1956,,2021/08/21,to-read,to-read (#133),to-read,,,,0,0
31154763,Anti-Piketty: Capital for the 21st-Century,Jean-Philippe Delsol,"Delsol, Jean-Philippe","Emmanuel Martin, Jeffrey A. Miron, NICOLAS LECAUSSIN","=""1944424253""","=""9781944424251""",0,Cato Institute,Paperback,272,2017,2015,,2021/08/19,to-read,to-read (#132),to-read,,,,0,0
87661,Globalization and its Discontents,Joseph E. Stiglitz,"Stiglitz, Joseph E.",,"=""0393324397""","=""9780393324396""",0,W. W. Norton,Hardcover,304,2003,2002,,2021/08/19,to-read,to-read (#131),to-read,,,,0,0
52143909,"Spinoza e popcorn: Da Game of Thrones a Stranger Things, capire la filosofia sparandosi un film o una serie TV",Rick Dufer,"Dufer, Rick",Daniel Cuello,"=""""","=""""",5.0,De Agostini,Kindle Edition,179,2019,2019,2021/01/08,2021/01/08,favorites,favorites (#9),read,"La migliore introduzione alla filosofia e ai problemi contemporanei che io abbia mai letto. <br/><br/>Mentre molti testi di filosofia si fermano alla rivisitazione dei filosofi principali sotto l'ottica dei tempi moderni, Rick duFer rivaluta una lunga serie di filosofi sotto il filtro delle serie TV che tutti noi amiamo e ci mostra come tutti i filosofi, da Kant a Cartesio, da Nietzsche a Hegel, non filosofeggiavano per il solo piacere di farlo, ma stavano in realtà cercando di rispondere alle domande e ai problemi che tutti noi ci poniamo e incontriamo tutti i giorni. <br/><br/>Probabilmente uno dei migliori libri che io abbia mai letto in tutta la mia vita.",,,1,0
40933227,Factfulness: Ten Reasons We're Wrong About the World – and Why Things Are Better Than You Think,Hans Rosling,"Rosling, Hans","Ola Rosling, Anna Rosling Rönnlund","=""1250107814""","=""9781250107817""",5.0,Flatiron Books,Hardcover,342,2018,2018,2020/09/25,2020/09/24,favorites,favorites (#8),read,,,,1,0
1513341,From X-rays to Quarks: Modern Physicists and Their Discoveries (Dover Classics of Science & Mathematics),Emilio Segrè,"Segrè, Emilio",,"=""0486457834""","=""9780486457833""",5.0,Dover Publications,Paperback,352,2007,1980,2020/06/21,2020/06/07,"history, science, favorites","history (#7), science (#17), favorites (#7)",read,,,,1,0
13581328,Codici e segreti,Simon Singh,"Singh, Simon",Stefano Galli,"=""""","=""""",5.0,BUR,Paperback,360,2007,1999,2012/05/01,2019/12/30,"history, science, favorites","history (#4), science (#14), favorites (#6)",read,,,,1,0
35167685,"""Surely You're Joking, Mr. Feynman!"": Adventures of a Curious Character",Richard P. Feynman,"Feynman, Richard P.","Ralph Leighton, Edward Hutchings, Bill Gates","=""0393355624""","=""9780393355628""",5.0,W. W. Norton & Company,Paperback,400,2018,1985,2020/02/06,2019/12/19,"biographies, science, favorites","biographies (#4), science (#12), favorites (#5)",read,,,,1,0
44064027,Kant,Armando Girotti,"Girotti, Armando",,"=""8899126305""","=""9788899126308""",5.0, Diogene Multimedia,Paperback,179,2016,,,2019/02/19,"philosophy, favorites","philosophy (#2), favorites (#4)",read,,,,1,0
22875237,La formula segreta dei Simpson,Simon Singh,"Singh, Simon",,"=""8817072648""","=""9788817072649""",5.0,Rizzoli,Hardcover,302,2014,2013,2019/05/14,2019/05/16,"science, favorites","science (#7), favorites (#3)",read,,,,1,0
8752147,Breve storia di (quasi) tutto,Bill  Bryson,"Bryson, Bill",Mario Fillioley,"=""8850215495""","=""9788850215492""",5.0,TEA,Paperback,589,2008,2003,2018/02/10,2019/01/03,"science, favorites","science (#1), favorites (#1)",read,,,,1,0
51877,Capitalism and Freedom,Milton Friedman,"Friedman, Milton",,"=""0226264211""","=""9780226264219""",3.0,University of Chicago Press,Paperback,208,2002,1962,2021/08/18,2021/07/28,,,read,,,,1,0
10303367,Debunking Economics: The Naked Emperor Dethroned?,Steve Keen,"Keen, Steve",,"=""1848139926""","=""9781848139923""",0,Zed Books,Paperback,554,2011,2001,,2021/08/09,to-read,to-read (#130),to-read,,,,0,0
218392,Prime Obsession: Bernhard Riemann and the Greatest Unsolved Problem in Mathematics,John Derbyshire,"Derbyshire, John",,"=""0452285259""","=""9780452285255""",0,Plume,Paperback,422,2004,2003,,2021/08/09,to-read,to-read (#129),to-read,,,,0,0
319016,The Poincaré Conjecture: In Search of the Shape of the Universe,Donal O'Shea,"O'Shea, Donal",,"=""080271532X""","=""9780802715326""",0,Walker Books,Hardcover,304,2007,2007,,2021/08/09,to-read,to-read (#128),to-read,,,,0,0
384070,The Decipherment of Linear B,John Chadwick,"Chadwick, John",,"=""0521398304""","=""9780521398305""",0,Cambridge University Press,Paperback,180,1992,1958,,2021/08/09,to-read,to-read (#127),to-read,,,,0,0
423246,Adventures of a Mathematician,Stanislaw M. Ulam,"Ulam, Stanislaw M.","Daniel Hirsch, William G. Mathews, Françoise Ulam, Jan Mycielski","=""0520071549""","=""9780520071544""",0,University of California Press,Paperback,388,1991,1976,,2021/08/09,to-read,to-read (#126),to-read,,,,0,0
31624959,DNA: The Story of the Genetic Revolution,James D. Watson,"Watson, James D.","Andrew Berry, Kevin Davies","=""0385351186""","=""9780385351188""",0,Knopf,Paperback,512,2017,2017,,2021/08/09,to-read,to-read (#125),to-read,,,,0,0
38619345,Tesla Vs Edison: A Captivating Guide to the War of the Currents and the Life of Nikola Tesla and Thomas Edison (Historical Figures),Captivating History,"History, Captivating",,"=""""","=""""",2.0,,Kindle Edition,110,2018,,2021/07/31,2021/07/25,,,read,,,,1,0
34739450,You've Got 8 Seconds: Communication Secrets for a Distracted World,Paul    Hellman,"Hellman, Paul",,"=""0814438318""","=""9780814438312""",2.0,AMACOM,Kindle Edition,182,2017,2017,2021/07/28,2021/03/01,,,read,,,,1,0
33836775,Le cause nascoste della seconda guerra mondiale,Henry Coston,"Coston, Henry","Jacques Ploncard D’Assac, Jacques Bordiot, Pierre Antoine Cousteau, Michel de Mauny, René d’Argile, Jeacques Béarn, Bruno Tarquini","=""888901587X""","=""9788889015872""",4.0,Controcorrente,Paperback,344,2011,,2021/07/27,2021/05/09,"history, wwii","history (#8), wwii (#1)",read,,,,1,0
51014619,Good Economics for Hard Times: Better Answers to Our Biggest Problems,Abhijit V. Banerjee,"Banerjee, Abhijit V.",Esther Duflo,"=""""","=""""",0,PublicAffairs,ebook,417,2019,2019,,2021/07/25,to-read,to-read (#124),to-read,,,,0,0
54837100,The Science of Can and Can't: A Physicist’s Journey Through the Land of Counterfactuals,Chiara Marletto,"Marletto, Chiara",,"=""0241310946""","=""9780241310946""",0,Allen Lane,Hardcover,272,2021,2021,,2021/05/03,to-read,to-read (#123),to-read,,,,0,0
57613154,"Nietzsche (Imparare a pensare, #3)",José Rafael Hernández Arias,"Arias, José Rafael Hernández",,"=""""","=""""",5.0,RBA Italia,Hardcover,157,2015,,2021/04/17,2021/04/16,,,read,,,,1,0
57468461,"Kant (Imparare a pensare, #2)",Manuel Arroyo García,"García, Manuel Arroyo",,"=""""","=""""",5.0,RBA Italia,Hardcover,160,2015,,2021/04/16,2021/04/14,,,read,,,,1,0
17661224,La ragazza dello Sputnik,Haruki Murakami,"Murakami, Haruki",Giorgio Amitrano,"=""8806216708""","=""9788806216702""",0,Einaudi,Paperback,216,2013,1999,,2021/04/16,to-read,to-read (#122),to-read,,,,0,0
19172528,L'arte di conoscere se stessi. Pensieri,Marcus Aurelius,"Aurelius, Marcus",Mario Scaffidi Abbate,"=""885413872X""","=""9788854138728""",4.0,Newton Compton,Kindle Edition,240,2012,180,2021/03/01,2021/02/03,,,read,,,,1,0
149052,The Origins of the Second World War,A.J.P. Taylor,"Taylor, A.J.P.",,"=""014013672X""","=""9780140136722""",5.0,Penguin Books,Paperback,357,2001,1961,2021/03/01,2021/02/28,,,read,,,,1,0
18770267,Make It Stick: The Science of Successful Learning,Peter C. Brown,"Brown, Peter C.","Henry L. Roediger III, Mark A. McDaniel","=""0674729013""","=""9780674729018""",0,Belknap Press: An Imprint of Harvard University Press,Hardcover,313,2014,2014,,2021/03/01,to-read,to-read (#121),to-read,,,,0,0
10733801,23 Things They Don't Tell You about Capitalism,Ha-Joon Chang,"Chang, Ha-Joon",,"=""0141047976""","=""9780141047973""",5.0,Penguin,Paperback,286,2011,2010,2021/02/04,2021/02/03,economy,economy (#6),read,"""Lively, accessible and provocative""",,,1,0
45731395,The Deficit Myth: Modern Monetary Theory and the Birth of the People's Economy,Stephanie Kelton,"Kelton, Stephanie",,"=""1541736184""","=""9781541736184""",0,PublicAffairs,Hardcover,327,2020,2020,,2021/01/16,to-read,to-read (#120),to-read,,,,0,0
27220736,Shoe Dog: A Memoir by the Creator of Nike,Phil Knight,"Knight, Phil",,"=""1501135910""","=""9781501135910""",0,Scribner,Hardcover,400,2016,2016,,2021/01/16,to-read,to-read (#119),to-read,,,,0,0
13356649,"The Joy of X: A Guided Tour of Math, from One to Infinity",Steven H. Strogatz,"Strogatz, Steven H.",,"=""0547517653""","=""9780547517650""",0,Houghton Mifflin Harcourt,Hardcover,316,2012,2012,,2021/01/16,to-read,to-read (#118),to-read,,,,0,0
10534,The Art of War,Sun Tzu,"Tzu, Sun",Thomas Cleary,"=""""","=""""",0,Harper Press,Paperback,170,2005,-500,,2021/01/07,to-read,to-read (#117),to-read,,,,0,0
6691186,How Markets Fail: The Logic of Economic Calamities,John Cassidy,"Cassidy, John",,"=""0374173206""","=""9780374173203""",0,"Farrar, Straus and Giroux",Hardcover,400,2009,2009,,2021/01/07,to-read,to-read (#116),to-read,,,,0,0
23013829,Einstein's Dice and Schrödinger's Cat: How Two Great Minds Battled Quantum Randomness to Create a Unified Theory of Physics,Paul Halpern,"Halpern, Paul",,"=""0465075711""","=""9780465075713""",0,Basic Books,Hardcover,288,2015,2015,,2020/12/03,to-read,to-read (#109),to-read,,,,0,0
37800568,L'ABC della relatività,Bertrand Russell,"Russell, Bertrand",L. Pavolini,"=""8850206488""","=""9788850206483""",5.0,TEA,Paperback,190,2004,1925,2021/01/06,2021/01/05,,,read,,,,1,0
27276428,The Gene: An Intimate History,Siddhartha Mukherjee,"Mukherjee, Siddhartha",,"=""""","=""""",0,Scribner,Hardcover,592,2016,2016,,2021/01/06,to-read,to-read (#115),to-read,,,,0,0
333538,The Castle,Franz Kafka,"Kafka, Franz",Mark Harman,"=""0805211063""","=""9780805211061""",0,Schocken,Paperback,328,1998,1926,,2021/01/06,to-read,to-read (#114),to-read,,,,0,0
38242135,"AI Superpowers: China, Silicon Valley, and the New World Order",Kai-Fu Lee,"Lee, Kai-Fu",,"=""132854639X""","=""9781328546395""",0,Harper Business,Hardcover,255,2018,2018,,2021/01/06,to-read,to-read (#113),to-read,,,,0,0
9671526,Il matematico impertinente,Piergiorgio Odifreddi,"Odifreddi, Piergiorgio",,"=""8850214545""","=""9788850214549""",5.0,TEA.,Paperback,347,2007,2005,2021/01/02,2020/12/29,,,read,,,,1,0
75889,The Little Book That Beats the Market (Little Books. Big Profits),Joel Greenblatt,"Greenblatt, Joel",Andrew Tobias,"=""0471733067""","=""9780471733065""",0,Wiley,Hardcover,176,2005,1999,,2021/01/02,to-read,to-read (#112),to-read,,,,0,0
41721428,Can't Hurt Me: Master Your Mind and Defy the Odds,David Goggins,"Goggins, David",,"=""1544512260""","=""""",0,Lioncrest Publishing,Kindle Edition,366,2018,2018,,2021/01/02,to-read,to-read (#111),to-read,,,,0,0
40277347,Figuring,Maria Popova,"Popova, Maria",,"=""1524748137""","=""9781524748135""",0,Pantheon,Hardcover,578,2019,2019,,2021/01/02,to-read,to-read (#110),to-read,,,,0,0
1202,Freakonomics: A Rogue Economist Explores the Hidden Side of Everything,Steven D. Levitt,"Levitt, Steven D.",Stephen J. Dubner,"=""0061234001""","=""9780061234002""",5.0,William Morrow,Hardcover,268,2006,2005,2020/12/22,2020/10/29,,,read,,,,1,0
162120,Extraordinary Popular Delusions and the Madness of Crowds,Charles Mackay,"Mackay, Charles",,"=""1897597320""","=""9781897597323""",0,Harriman House Pub,Hardcover,96,2003,1841,,2020/12/03,to-read,to-read (#108),to-read,,,,0,0
36448501,The Bitcoin Standard: The Decentralized Alternative to Central Banking,Saifedean Ammous,"Ammous, Saifedean",,"=""1119473861""","=""9781119473862""",0,Wiley,Hardcover,304,2018,2018,,2020/12/03,to-read,to-read (#107),to-read,,,,0,0
23516089,Mathematical Solutions for a Global Crisis (mini kuš! #27),Jesse Jacobs,"Jacobs, Jesse",,"=""9934518198""","=""9789934518195""",0,Biedrība Grafiskie stasti,Paperback,28,2014,2014,,2020/12/03,to-read,to-read (#106),to-read,,,,0,0
54110137,"Sapiens: A Graphic History, Volume 1 - The Birth of Humankind",David Vandermeulen,"Vandermeulen, David","Yuval Noah Harari, Daniel Casanave","=""0063055082""","=""9780063055087""",0,Harper,Hardcover,248,2020,2020,,2020/11/29,to-read,to-read (#105),to-read,,,,0,0
33148299,Philosopher et méditer avec les enfants (French Edition),Frédéric Lenoir,"Lenoir, Frédéric",,"=""2226421513""","=""9782226421517""",2.0,ALBIN MICHEL,Kindle Edition,232,2016,,2020/10/27,2020/10/27,philosophy,philosophy (#9),read,,,,1,0
13578034,"Il canto della rivolta (Hunger Games, #3)",Suzanne Collins,"Collins, Suzanne",Simona Brogli,"=""8804621885""","=""9788804621881""",3.0,Mondadori,Hardcover,419,2012,2010,2013/01/01,2020/04/09,,,read,,,,1,0
7904808,Filosofia della scienza,John Losee,"Losee, John",,"=""8856501554""","=""9788856501551""",4.0,Il Saggiatore,Paperback,308,2009,1972,2020/06/01,2020/05/16,,,read,Libro introduttivo di livello universitario alla storia della filosofia della scienza. <br/><br/>L'enfasi è posta essenzialmente sul lato espositivo invece che sul lato critico.,,,1,0
18144590,The Alchemist,Paulo Coelho,"Coelho, Paulo",,"=""0062315005""","=""9780062315007""",0,HarperOne,Paperback,182,2014,1988,,2020/10/29,to-read,to-read (#104),to-read,,,,0,0
53841096,Bomba atomica. La storia vera e incredibile dell'ordigno più potente del mondo,Roberto Mercadini,"Mercadini, Roberto",,"=""8817147346""","=""9788817147347""",0,Rizzoli,Paperback,240,2020,2020,,2020/09/29,to-read,to-read (#103),to-read,,,,0,0
36064445,Skin in the Game: The Hidden Asymmetries in Daily Life,Nassim Nicholas Taleb,"Taleb, Nassim Nicholas",,"=""0241300657""","=""9780241300657""",5.0,Allen Lane,Paperback,272,2018,2018,2020/09/26,2020/07/23,,,read,,,,1,0
6494990,David Copperfield,Charles Dickens,"Dickens, Charles",,"=""""","=""""",0,Penguin Books,Paperback,716,1994,1850,,2020/09/24,to-read,to-read (#102),to-read,,,,0,0
37910970,Essere e tempo,Martin Heidegger,"Heidegger, Martin",Pietro Chiodi,"=""""","=""""",0,Longanesi,Paperback,688,1998,1927,,2020/09/24,to-read,to-read (#101),to-read,,,,0,0
27386359,La sostanza delle cose: Storie incredibili dei materiali meravigliosi di cui è fatto il mondo,Mark Miodownik,"Miodownik, Mark",,"=""8833974189""","=""9788833974187""",0,Bollati Boringhieri,Kindle Edition,249,2015,2013,,2020/09/24,to-read,to-read (#100),to-read,,,,0,0
54594478,Mistakes: The Foundation of Your Small Business: A Small Business Pocket Guide (Small Business Pocket Guides Book 1),Shannon Jean,"Jean, Shannon",Dave Hamilton,"=""""","=""""",0,The Small Business Show,Kindle Edition,104,2020,,,2020/09/24,to-read,to-read (#99),to-read,,,,0,0
12985188,100 cose essenziali che non sapevate di non sapere: I meccanismi segreti del mondo che ci circonda,John D. Barrow,"Barrow, John D.",,"=""8804604646""","=""9788804604648""",5.0,Mondadori,Paperback,282,2011,2008,,2020/09/14,,,read,,,,1,0
10157661,Il curioso dei numeri,Andrew Hodges,"Hodges, Andrew",Tullio Cannillo,"=""8804581492""","=""9788804581499""",4.0,Mondadori,Hardcover,304,2008,2007,2012/01/01,2020/09/14,,,read,,,,1,0
22013538,La fisica della domenica. Brevi escursioni nei quattro elementi,Michele Marenco,"Marenco, Michele",,"=""885180138X""","=""9788851801380""",3.0,Sironi,Paperback,191,2011,2011,2012/01/01,2020/09/14,,,read,,,,1,0
37853477,Start! La guida pratica per sconfiggere la procrastinazione. Adesso.,Andrea Giuliodori,"Giuliodori, Andrea",,"=""""","=""9791220000116""",0,,ebook,130,,,,2020/09/12,to-read,to-read (#98),to-read,,,,0,0
16158493,The First 20 Hours: How to Learn Anything...Fast,Josh Kaufman,"Kaufman, Josh",,"=""1591845556""","=""9781591845553""",0,Portfolio,Hardcover,288,2013,,,2020/09/12,to-read,to-read (#97),to-read,,,,0,0
22855810,La grande storia della prima guerra mondiale,Martin  Gilbert,"Gilbert, Martin",Carla Lazzari,"=""8804484705""","=""9788804484707""",4.0,Mondadori,Paperback,698,2000,1994,2020/09/12,2020/09/12,,,read,,,,1,0
3245424,Guida galattica per gli autostoppisti,Douglas Adams,"Adams, Douglas",Laura Serra,"=""8804464631""","=""9788804464631""",0,Mondadori,Paperback,213,1999,1979,,2020/09/10,to-read,to-read (#96),to-read,,,,0,0
2751196,"Ristorante al termine dell'Universo (Guida galattica per gli autostoppisti, #2)",Douglas Adams,"Adams, Douglas",Laura Serra,"=""8804507942""","=""9788804507949""",0,A. Mondadori,Paperback,245,2002,1980,,2020/09/10,to-read,to-read (#95),to-read,,,,0,0
9693994,Storia della matematica,Carl B. Boyer,"Boyer, Carl B.","Lucio Lombardo-Radice, Adriano Carugo","=""8804334312""","=""9788804334316""",0,Mondadori,Paperback,735,1990,1968,,2020/09/10,to-read,to-read (#94),to-read,,,,0,0
7621035,L'ottimismo,Francesco Alberoni,"Alberoni, Francesco",,"=""8817843512""","=""9788817843515""",5.0,Mondadori,Hardcover,220,1994,1994,2020/09/10,2020/09/10,,,read,,,,1,0
40491946,Financial Freedom: A Proven Path to All the Money You Will Ever Need,Grant Sabatier,"Sabatier, Grant",Vicki Robin,"=""0525534598""","=""9780525534594""",0,Avery,Kindle Edition,558,2019,2019,,2020/08/03,to-read,to-read (#92),to-read,,,,0,0
40535991,Stop Doing That Sh*t: End Self-Sabotage and Demand Your Life Back,Gary John Bishop,"Bishop, Gary John",,"=""0062872389""","=""9780062872388""",0,HarperOne,Audible Audio,,2019,2019,,2020/08/03,to-read,to-read (#91),to-read,,,,0,0
35138433,Your Best Year Ever: A 5-Step Plan for Achieving Your Most Important Goals,Michael Hyatt,"Hyatt, Michael",,"=""0801075254""","=""9780801075254""",0,Baker Books,Hardcover,272,2018,2018,,2020/08/03,to-read,to-read (#90),to-read,,,,0,0
17606014,"Manage Your Day-to-Day: Build Your Routine, Find Your Focus, and Sharpen Your Creative Mind",Jocelyn K. Glei,"Glei, Jocelyn K.",,"=""1477800670""","=""9781477800676""",0,Amazone,Paperback,253,2013,2013,,2020/08/03,to-read,to-read (#89),to-read,,,,0,0
31706504,Barking Up the Wrong Tree: The Surprising Science Behind Why Everything You Know About Success Is (Mostly) Wrong,Eric Barker,"Barker, Eric",,"=""0062416170""","=""9780062416179""",0,HarperOne,ebook,224,2017,2017,,2020/08/03,to-read,to-read (#88),to-read,,,,0,0
36446470,Inconvenient Facts: The Science That Al Gore Doesn't Want You to Know,Gregory Wrightstone,"Wrightstone, Gregory",,"=""1545614105""","=""9781545614105""",0,"Silver Crown Productions, LLC",Paperback,158,2017,2017,,2020/08/03,to-read,to-read (#87),to-read,,,,0,0
39932353,L'arte della matematica,Simone Weil,"Weil, Simone",André Weil,"=""8845932567""","=""9788845932564""",0,Adelphi,Paperback,185,2018,,,2020/08/03,to-read,to-read (#86),to-read,,,,0,0
42269394,L'arte di perdere,Alice Zeniter,"Zeniter, Alice",Margherita Botto,"=""8806239503""","=""9788806239503""",0,Einaudi,Hardcover,438,2018,2017,,2020/08/03,to-read,to-read (#84),to-read,,,,0,0
10025702,Six Easy Pieces: Essentials of Physics Explained by Its Most Brilliant Teacher,Richard P. Feynman,"Feynman, Richard P.",,"=""0465025277""","=""9780465025275""",4.0,Basic Books,Paperback,167,2011,1994,2020/08/02,2019/12/20,science,science (#18),read,,,,1,0
43460068,Keynes o Hayek (Italian Edition),Nicholas Wapshott,"Wapshott, Nicholas",Giancarlo Carlotti,"=""8807885794""","=""9788807885792""",5.0,Feltrinelli,Paperback,336,2015,2011,2020/07/30,2020/07/14,economy,economy (#5),read,,,,1,0
40121378,Atomic Habits: An Easy & Proven Way to Build Good Habits & Break Bad Ones,James Clear,"Clear, James",,"=""""","=""""",5.0,Avery,Kindle Edition,319,2018,2018,2020/07/13,2019/01/06,,,read,,,,1,0
6751,Consider the Lobster and Other Essays,David Foster Wallace,"Wallace, David Foster",,"=""0316156116""","=""9780316156110""",0,"Little, Brown and Company",Hardcover,343,2005,2005,,2020/07/10,to-read,to-read (#83),to-read,,,,0,0
53208181,A Project to Find the Fundamental Theory of Physics,Stephen Wolfram,"Wolfram, Stephen",,"=""1579550355""","=""9781579550356""",0,"Wolfram Media, Inc.",Hardcover,770,2020,,,2020/06/25,to-read,to-read (#82),to-read,,,,0,0
49402100,Questa è l'America: Storie per capire il presente degli Stati Uniti e il nostro futuro,Francesco Costa,"Costa, Francesco",,"=""8804722460""","=""9788804722465""",0,Mondadori,Paperback,204,2020,2020,,2020/06/07,to-read,to-read (#81),to-read,,,,0,0
26200990,"Cosa accadrebbe se?: risposte scientifiche a domande ipotetiche assurde (What If?, #1)",Randall Munroe,"Munroe, Randall",Salvatore Serù,"=""8845279715""","=""9788845279713""",0,Bompiani,Hardcover,301,2015,2014,,2020/06/07,to-read,to-read (#80),to-read,,,,0,0
40602390,"The Roaring Twenties: A Captivating Guide to a Period of Dramatic Social and Political Change, a False Sense of Prosperity, and Its Impact on the Great Depression (U.S. History)",Captivating History,"History, Captivating",,"=""""","=""""",3.0,,Kindle Edition,69,2018,,2020/06/05,2020/06/05,,,read,,,,1,0
10127019,The Lean Startup,Eric Ries,"Ries, Eric",,"=""0307887898""","=""9780307887894""",2.0,Best Business,Hardcover,299,2011,2011,2020/06/04,2019/01/06,,,read,,,,1,0
9734,"Ender's Game (Ender's Saga, #1)",Orson Scott Card,"Card, Orson Scott",,"=""""","=""""",0,Atom,Paperback,336,2002,1985,,2020/06/03,to-read,to-read (#79),to-read,,,,0,0
162780,What Is Life? with Mind and Matter and Autobiographical Sketches,Erwin Schrödinger,"Schrödinger, Erwin",Roger Penrose,"=""0521427088""","=""9780521427081""",0,Cambridge University Press,Paperback,184,1992,1944,,2020/06/03,to-read,to-read (#78),to-read,,,,0,0
61539,The Structure of Scientific Revolutions,Thomas S. Kuhn,"Kuhn, Thomas S.",,"=""0226458083""","=""9780226458083""",0,University of Chicago Press,Paperback,226,1996,1962,,2020/06/01,to-read,to-read (#77),to-read,,,,0,0
49204702,L'uomo che scrisse la Bibbia,Marco Videtta,"Videtta, Marco",,"=""8854518379""","=""9788854518377""",0,Neri Pozza,Paperback,240,2019,2019,,2020/05/24,to-read,to-read (#76),to-read,,,,0,0
159025,"Practising The Power Of Now: Meditations, Exercises and Core Teachings from The Power of Now",Eckhart Tolle,"Tolle, Eckhart",,"=""""","=""""",0,Hodder Paperbacks,Paperback,134,2002,1997,,2019/03/10,to-read,to-read (#75),to-read,,,,0,0
9278897,"The 4-Hour Work Week: Escape the 9-5, Live Anywhere and Join the New Rich",Timothy Ferriss,"Ferriss, Timothy",,"=""0091929113""","=""9780091929114""",1.0,Vermilion.,Paperback,396,2011,2007,2020/05/15,2019/01/03,,,read,"""Timothy Ferriss spends 50 hours per week advertising his 4 Hour work week book""<br/><br/>A complete waste of time. <br/><br/>Ferriss spend an enormous amount of time not on giving general principles for improving your life style or be more effective, but instead on showing off on how much he achieved only being an ass with people and outsourcing all his works.<br/><br/>In the end the whole book is an immense collection of tools, plugins, apps and websites for solving really narrow and specific problems of your daily life (though, most of the problems are not even encountered by non-productivity obsessed people).<br/><br/>The final summary of the book is (list extended from a previous post):<br/><br/>1. You're a game changer: define your own rules (apparently everyone is smarter than the average, even if exactly half of the people are less smart than the average...).<br/>2. Stop checking emails<br/>3. Outsource everything--even your soul. It's all about you. <br/>4. Retire, vacation, go mobile.<br/>5. Go in countries where the dollar is stronger.",,,1,0
22230995,Moby Dick,Herman Melville,"Melville, Herman",Pietro Meneghelli,"=""8854165344""","=""9788854165342""",0,Newton Compton,Hardcover,474,2014,1851,,2020/05/15,to-read,to-read (#74),to-read,,,,0,0
10120939,L'autostima,Maria Miceli,"Miceli, Maria",,"=""8815063897""","=""9788815063892""",5.0,il Mulino,Paperback,125,1998,1998,2012/08/14,2019/12/19,self-improvement,self-improvement (#4),read,,,,1,0
43582376,The Body: A Guide for Occupants,Bill  Bryson,"Bryson, Bill",,"=""0385539304""","=""9780385539302""",0,Doubleday Books,Hardcover,450,2019,2019,,2020/05/03,to-read,to-read (#73),to-read,,,,0,0
43785830,Will My Cat Eat My Eyeballs? Big Questions from Tiny Mortals About Death,Caitlin Doughty,"Doughty, Caitlin",Dianné Ruz,"=""039365270X""","=""9780393652703""",0,W. W. Norton & Company,Hardcover,200,2019,2019,,2020/05/03,to-read,to-read (#72),to-read,,,,0,0
40097951,The Silent Patient,Alex Michaelides,"Michaelides, Alex",,"=""1250301696""","=""9781250301697""",0,Celadon Books,Hardcover,336,2019,2019,,2020/05/03,to-read,to-read (#71),to-read,,,,0,0
12030065,Open: La mia storia,Andre Agassi,"Agassi, Andre",Giuliana Lupi,"=""8806207261""","=""9788806207267""",0,Einaudi,Paperback,502,2011,2009,,2020/05/03,to-read,to-read (#70),to-read,,,,0,0
10102027,La misura del mondo,Daniel Kehlmann,"Kehlmann, Daniel",Paola Olivieri,"=""8807017024""","=""9788807017025""",0,Feltrinelli,Paperback,256,2006,2005,,2020/05/03,to-read,to-read (#69),to-read,,,,0,0
2927604,Flatlandia: Racconto fantastico a più dimensioni,Edwin A. Abbott,"Abbott, Edwin A.","Masolino d'Amico, Giorgio Manganelli","=""""","=""""",0,Adelphi,Paperback,166,1993,1884,,2020/05/02,to-read,to-read (#68),to-read,,,,0,0
17623156,I primi tre minuti. L'affascinante storia dell'origine dell'universo,Steven Weinberg,"Weinberg, Steven",,"=""8804177527""","=""9788804177524""",0,Mondadori,Paperback,216,1986,1977,,2020/05/02,to-read,to-read (#67),to-read,,,,0,0
12547845,La strada che porta alla realtà. Le leggi fondamentali dell’universo,Roger Penrose,"Penrose, Roger",,"=""8817050210""","=""9788817050210""",3.0,BUR Biblioteca Universale Rizzoli,Paperback,1206,2011,2004,2020/05/02,2020/01/26,"science, philosophy","science (#15), philosophy (#8)",read,,,,1,0
36637854,"L'invenzione della Natura: Le Avventure di Alexander von Humboldt, l'Eroe Perduto della Scienza",Andrea Wulf,"Wulf, Andrea",Rodney Paull,"=""8861052622""","=""9788861052628""",0,LUISS University Press,Paperback,518,2017,2015,,2020/05/02,to-read,to-read (#66),to-read,,,,0,0
17248798,The Power of Habit: Why We Do What We Do and How to Change,Charles Duhigg,"Duhigg, Charles",,"=""1847946240""","=""9781847946249""",5.0,RANDOM HOUSE INTERNATIONAL,Paperback,371,2013,2012,2020/04/20,2019/01/03,,,read,,,,1,0
22575601,Covariant Loop Quantum Gravity: An Elementary Introduction to Quantum Gravity and Spinfoam Theory (Cambridge Monographs on Mathematical Physics),Carlo Rovelli,"Rovelli, Carlo",Francesca Vidotto,"=""1107069629""","=""9781107069626""",0,Cambridge University Press,Hardcover,277,2014,2014,,2020/04/20,to-read,to-read (#64),to-read,,,,0,0
18165236,Il calcolatore universale,Martin D. Davis,"Davis, Martin D.",Gianni Rigamonti,"=""""","=""""",0,Adelphi,Paperback,328,2012,2000,,2020/04/14,to-read,to-read (#62),to-read,,,,0,0
25203692,"L'universo elegante. Superstringhe, dimensioni nascoste e la ricerca della teoria ultima",Brian Greene,"Greene, Brian","Claudio Bartocci, Luigi Civalleri","=""8806225790""","=""""",4.0,Einaudi,Paperback,395,2015,1999,,2020/04/14,,,read,,,,1,0
6737,"Angeli e demoni (Robert Langdon, #1)",Dan    Brown,"Brown, Dan","Annamaria Biavasco, Valentina Guani","=""0828855498""","=""9780828855495""",2.0,French & European Pubns,ebook,562,2000,2000,2013/01/01,2020/04/14,,,read,,,,1,0
1713426,Predictably Irrational: The Hidden Forces That Shape Our Decisions,Dan Ariely,"Ariely, Dan",,"=""""","=""""",0,HarperCollins Canada ,Hardcover,247,2008,2008,,2020/04/14,to-read,to-read (#61),to-read,,,,0,0
6486483,Emotional Intelligence 2.0,Travis Bradberry,"Bradberry, Travis",Jean Greaves,"=""0974320625""","=""9780974320625""",0,Talentsmart,Hardcover,255,2009,2003,,2020/04/14,to-read,to-read (#60),to-read,,,,0,0
1052,The Richest Man in Babylon,George S. Clason,"Clason, George S.",,"=""0451205367""","=""9780451205360""",0,Berkley Books,Paperback,194,2002,1926,,2020/04/14,to-read,to-read (#59),to-read,,,,0,0
7841446,"In the Plex: How Google Thinks, Works, and Shapes Our Lives",Steven Levy,"Levy, Steven",,"=""1416596585""","=""9781416596585""",0,Simon & Schuster,Hardcover,432,2011,2011,,2020/04/14,to-read,to-read (#58),to-read,,,,0,0
15798078,Decisive: How to Make Better Choices in Life and Work,Chip Heath,"Heath, Chip",Dan Heath,"=""0307956393""","=""9780307956392""",0,Crown Currency,Hardcover,336,2013,2013,,2020/04/14,to-read,to-read (#57),to-read,,,,0,0
7723797,Business Model Generation,Alexander Osterwalder,"Osterwalder, Alexander",Yves Pigneur,"=""2839906171""","=""9782839906173""",0,Alexander Osterwalder & Yves Pigneur,Paperback,273,2010,2010,,2020/04/14,to-read,to-read (#56),to-read,,,,0,0
2612,The Tipping Point: How Little Things Can Make a Big Difference,Malcolm Gladwell,"Gladwell, Malcolm",,"=""""","=""""",0,Time Warner Book Group,Paperback,301,2002,2000,,2020/04/14,to-read,to-read (#55),to-read,,,,0,0
6732019,Rework,Jason Fried,"Fried, Jason",David Heinemeier Hansson,"=""0307463745""","=""9780307463746""",0,Crown Currency,Hardcover,279,2010,2010,,2020/04/14,to-read,to-read (#54),to-read,,,,0,0
18176747,The Hard Thing About Hard Things: Building a Business When There Are No Easy Answers―Straight Talk on the Challenges of Entrepreneurship,Ben Horowitz,"Horowitz, Ben",,"=""0062273205""","=""9780062273208""",0,Harper Business,Hardcover,304,2014,2014,,2020/04/14,to-read,to-read (#53),to-read,,,,0,0
81948,The E-myth Revisited,Michael E. Gerber,"Gerber, Michael E.",,"=""0887307280""","=""9780887307287""",0,Harper Collins,,269,1995,1985,,2020/04/14,to-read,to-read (#52),to-read,,,,0,0
641604,Purple Cow: Transform Your Business by Being Remarkable,Seth Godin,"Godin, Seth",,"=""159184021X""","=""9781591840213""",0,Portfolio,Hardcover,145,2003,,,2020/04/14,to-read,to-read (#51),to-read,,,,0,0
590652,The Slight Edge,Jeff Olson,"Olson, Jeff",,"=""0967285550""","=""9780967285559""",0,Momentum Media,Paperback,168,2005,2005,,2020/04/12,to-read,to-read (#50),to-read,,,,0,0
2767052,"The Hunger Games (The Hunger Games, #1)",Suzanne Collins,"Collins, Suzanne",,"=""0439023483""","=""9780439023481""",5.0,Scholastic Press,Hardcover,374,2008,2008,2013/01/01,2020/04/09,,,read,,,,1,0
6148028,"Catching Fire (The Hunger Games, #2)",Suzanne Collins,"Collins, Suzanne",,"=""0439023491""","=""9780439023498""",4.0,Scholastic Press,Hardcover,391,2009,2009,2013/01/01,2020/04/09,,,read,,,,1,0
24282635,Il Gattopardo,Giuseppe Tomasi di Lampedusa,"Lampedusa, Giuseppe Tomasi di",,"=""8807883821""","=""9788807883828""",4.0,Feltrinelli,Paperback,304,2018,1958,2020/04/09,2020/04/09,history,history (#6),read,,,,1,0
20804886,Ammazziamo il Gattopardo,Alan Friedman,"Friedman, Alan",,"=""8858665090""","=""9788858665091""",5.0,Rizzoli,Kindle Edition,300,2014,2014,2014/08/01,2020/04/09,,,read,,,,1,0
42593767,Istruzioni per diventare fascisti,Michela Murgia,"Murgia, Michela",,"=""8806240609""","=""9788806240608""",5.0,Einaudi,Paperback,95,2018,2018,2020/03/09,2020/03/08,,,read,,,,1,0
51975909,La voglia dei cazzi e altri fabliaux medievali,Alessandro Barbero,"Barbero, Alessandro",,"=""889552232X""","=""9788895522326""",0,Mercurio,Paperback,139,2009,2009,,2020/03/01,to-read,to-read (#48),to-read,,,,0,0
9777665,"Barbari: Immigrati, Profughi, Deportati nell'Impero Romano",Alessandro Barbero,"Barbero, Alessandro",,"=""8842093297""","=""9788842093299""",0,Laterza,Paperback,355,2010,2007,,2020/03/01,to-read,to-read (#47),to-read,,,,0,0
36436181,Caporetto,Alessandro Barbero,"Barbero, Alessandro",,"=""8858130936""","=""9788858130933""",0,Laterza,Kindle Edition,796,2017,2017,,2020/03/01,to-read,to-read (#46),to-read,,,,0,0
13586693,The Eyes of Venice,Alessandro Barbero,"Barbero, Alessandro",,"=""1609450825""","=""9781609450823""",0,Europa Editions,Paperback,448,2012,2011,,2020/03/01,to-read,to-read (#45),to-read,,,,0,0
429294,Charlemagne: Father of a Continent,Alessandro Barbero,"Barbero, Alessandro",Allan Cameron,"=""0520239431""","=""9780520239432""",0,University of California Press,Hardcover,436,2004,2000,,2020/03/01,to-read,to-read (#44),to-read,,,,0,0
796892,The Day of the Barbarians: The Battle That Led to the Fall of the Roman Empire,Alessandro Barbero,"Barbero, Alessandro",,"=""0802715710""","=""9780802715715""",0,Walker Books,Hardcover,192,2007,2005,,2020/03/01,to-read,to-read (#43),to-read,,,,0,0
2012229,The Battle: A New History of Waterloo,Alessandro Barbero,"Barbero, Alessandro",John Cullen,"=""0802714536""","=""9780802714534""",0,Walker Books,Hardcover,400,2005,2003,,2020/03/01,to-read,to-read (#42),to-read,,,,0,0
28482494,"Donne, madonne, mercanti e cavalieri",Alessandro Barbero,"Barbero, Alessandro",,"=""8858119282""","=""9788858119280""",0,Laterza,Paperback,137,2015,2013,,2020/03/01,to-read,to-read (#41),to-read,,,,0,0
1381851,The Inflationary Universe: The Quest for a New Theory of Cosmic Origins,Alan Guth,"Guth, Alan",,"=""0201328402""","=""9780201328400""",0,Basic Books,Paperback,358,1998,1997,,2020/03/01,to-read,to-read (#40),to-read,,,,0,0
3413108,La scomparsa di Majorana,Leonardo Sciascia,"Sciascia, Leonardo",Lea Ritter Santini,"=""""","=""""",4.0,Adelphi,Paperback,119,2004,1975,,2020/02/29,"biographies, history, science","biographies (#10), history (#5), science (#16)",read,,,,2,0
42046112,Recursion,Blake Crouch,"Crouch, Blake",,"=""1524759783""","=""9781524759780""",0,Crown,Hardcover,329,2019,2019,,2020/02/19,to-read,to-read (#39),to-read,,,,0,0
835623,How the Mind Works,Steven Pinker,"Pinker, Steven",,"=""0393318486""","=""9780393318487""",0,W. W. Norton  Company,Paperback,660,1999,1997,,2020/02/19,to-read,to-read (#38),to-read,,,,0,0
2142255,The Prince,Niccolò Machiavelli,"Machiavelli, Niccolò",T.G. Bergin,"=""0882950533""","=""9780882950532""",4.0,Harlan Davidson,Paperback,82,1986,1513,,2020/02/19,,,read,,,,1,0
1822654,Wittgenstein in 90 Minutes (Philosophers in 90 Minutes Series),Paul Strathern,"Strathern, Paul",,"=""1566631319""","=""9781566631310""",2.0,Ivan R. Dee,Paperback,89,1996,1996,2020/02/09,2020/01/11,"philosophy, biographies","philosophy (#4), biographies (#9)",read,,,,1,0
862846,Nietzsche in 90 Minutes (Philosophers in 90 Minutes #18),Paul Strathern,"Strathern, Paul",,"=""1566631211""","=""9781566631211""",4.0,Ivan R. Dee,Paperback,96,1996,1996,2020/02/08,2020/02/08,"biographies, philosophy","biographies (#8), philosophy (#7)",read,,,,1,0
43256967,Come parlare in pubblico e convincere gli altri (Italian Edition),Dale Carnegie,"Carnegie, Dale",Maura Pizzorno Smargiassi,"=""8845294951""","=""9788845294952""",4.0,Bompiani,Paperback,228,2013,1915,2020/01/12,2020/01/12,self-improvement,self-improvement (#5),read,,,,1,0
35396028,The 80/20 Principle: The Secret of Achieving More with Less,Richard Koch,"Koch, Richard",,"=""1857886844""","=""9781857886849""",5.0,Nicholas Brealey Publishing,Paperback,432,2017,1997,2020/01/24,2020/01/23,self-improvement,self-improvement (#6),read,,,,1,0
18946807,La filosofia dai greci al nostro tempo: La filosofia contemporanea,Emanuele Severino,"Severino, Emanuele",,"=""8858610792""","=""""",5.0,BUR,Kindle Edition,529,2011,1984,2020/01/11,2020/01/11,philosophy,philosophy (#6),read,,,,1,0
18946792,La filosofia dai greci al nostro tempo: La filosofia moderna,Emanuele Severino,"Severino, Emanuele",,"=""8858610776""","=""""",4.0,BUR,Kindle Edition,441,2011,1984,2017/12/01,2020/01/11,philosophy,philosophy (#5),read,,,,1,0
50243761,Hegel,Armando Girotti,"Girotti, Armando",,"=""8899126283""","=""9788899126285""",5.0,Diogene Multimedia,Paperback,190,2015,,2020/01/02,2020/01/01,"biographies, philosophy","biographies (#7), philosophy (#3)",read,,,,1,0
2817941,"I segreti di Roma. Storie, luoghi e personaggi di una Capitale",Corrado Augias,"Augias, Corrado",,"=""8804566418""","=""9788804566410""",4.0,Mondadori,Paperback,434,2007,2005,,2019/12/19,history,history (#3),read,,,,1,0
9692086,Leopardi,Pietro Citati,"Citati, Pietro",,"=""8804603259""","=""9788804603252""",2.0,Mondadori,Hardcover,444,2010,2010,2013/02/01,2019/12/19,biographies,biographies (#6),read,,,,1,0
6561029,"La Massoneria: La storia, gli uomini, le idee",Zeffiro Ciuffoletti,"Ciuffoletti, Zeffiro",Sergio Moravia,"=""8804536462""","=""9788804536468""",2.0,Mondadori,Paperback,384,2004,2004,2013/09/01,2019/12/19,history,history (#2),read,,,,1,0
10822527,Breve storia del fascismo,Renzo De Felice,"Felice, Renzo De",,"=""8804500867""","=""9788804500865""",4.0,Mondadori,Paperback,180,2002,2005,2013/08/01,2019/12/19,history,history (#1),read,,,,1,0
12254358,Leonardo da Vinci,Serge Bramly,"Bramly, Serge",Maria Salemi Cardini,"=""8804544147""","=""9788804544142""",3.0,Mondadori,Paperback,408,2005,1988,2014/05/01,2019/12/19,biographies,biographies (#5),read,,,,1,0
13059593,Cosa resta da scoprire,Giovanni F. Bignami,"Bignami, Giovanni F.",,"=""8804613645""","=""9788804613640""",4.0,Mondadori,Paperback,192,2011,2011,2012/01/01,2019/12/19,science,science (#13),read,,,,1,0
24694624,Soldi. Conoscere le logiche del denaro per capire le grandi crisi,John Kenneth Galbraith,"Galbraith, John Kenneth",,"=""8817066591""","=""9788817066594""",4.0,BUR Rizzoli,Paperback,500,2013,1975,2019/12/14,2019/12/14,economy,economy (#4),read,,,,1,0
44535040,"Physics from Finance: A Gentle Introduction to Gauge Theories, Fundamental Interactions and Fiber Bundles",Jakob Schwichtenberg,"Schwichtenberg, Jakob",,"=""""","=""""",4.0,,Kindle Edition,195,2019,2019,2019/12/06,2019/12/06,"economy, science","economy (#3), science (#11)",read,,,,1,0
9701761,La mente nuova dell'imperatore,Roger Penrose,"Penrose, Roger",,"=""8817865524""","=""9788817865524""",4.0,Bur Biblioteca Univ. Rizzoli,Brossura,,,1989,,2019/12/01,science,science (#10),read,,,,2,0
24849796,BOHM - La fisica dell'infinito,Massimo Teodorani,"Teodorani, Massimo",,"=""""","=""""",3.0,Macro Edizioni,Kindle Edition,100,2014,2011,2019/12/01,2019/12/01,"biographies, science","biographies (#3), science (#9)",read,,,,1,0
17265,Thirty Years that Shook Physics: The Story of Quantum Theory,George Gamow,"Gamow, George",,"=""048624895X""","=""9780486248950""",4.0,Dover Publications,Paperback,224,1985,1966,2019/11/25,2019/11/25,"science, biographies","science (#8), biographies (#2)",read,,,,1,0
41837998,Finalmente ho capito la finanza,Maurizio De Pra,"Pra, Maurizio De",,"=""8867317342""","=""9788867317349""",4.0,A. Vallardi,Paperback,297,2015,,2019/02/27,2019/02/15,economy,economy (#2),read,,,,1,0
42615082,Come vincere lo stress e cominciare a vivere,Dale Carnegie,"Carnegie, Dale",,"=""884529496X""","=""9788845294969""",4.0,Bompiani,Paperback,382,2019,1944,2019/02/14,2019/02/14,self-improvement,self-improvement (#3),read,,,,1,0
24550843,La visione scientifica del mondo,Bertrand Russell,"Russell, Bertrand",,"=""8842059722""","=""9788842059721""",3.0,Laterza,Paperback,194,2004,1931,2019/01/11,2019/01/11,philosophy,philosophy (#1),read,,,,1,0
435854,Dal Big Bang ai buchi neri,Stephen W. Hawking,"Hawking, Stephen W.",,"=""8817853437""","=""9788817853439""",4.0,Rizzoli,Hardcover,224,1988,1988,2018/04/01,2019/01/06,science,science (#6),read,,,,1,0
34150058,"Le 3 Formule per Investire in Borsa, Edizione 2022: Il piccolo manuale in italiano per imparare ad investire (Italian Edition)",Francesco Galvani,"Galvani, Francesco",,"=""""","=""""",2.0,,Kindle Edition,128,2017,,2018/01/01,2019/01/04,personal-finance-management,personal-finance-management (#1),read,,,,1,0
9682225,Il senso delle cose,Richard P. Feynman,"Feynman, Richard P.",Laura Servidei,"=""8845914631""","=""9788845914638""",4.0,Adelphi,Paperback,125,1999,1998,2018/04/22,2019/01/04,science,science (#5),read,,,,1,0
69571,Rich Dad Poor Dad: What the Rich Teach Their Kids About Money—That the Poor and Middle Class Do Not!,Robert T. Kiyosaki,"Kiyosaki, Robert T.",,"=""0751532711""","=""9780751532715""",4.0,Time Warner Books UK,Paperback,195,2002,1997,2019/03/10,2019/01/03,self-improvement,self-improvement (#2),read,,,,1,0
36341728,Lost in Math: How Beauty Leads Physics Astray,Sabine Hossenfelder,"Hossenfelder, Sabine",,"=""0465094252""","=""9780465094257""",0,Hachette,Hardcover,291,2018,2018,,2019/01/03,"to-read, science","to-read (#4), science (#4)",to-read,,,,0,0
20617550,La realtà non è come ci appare: La struttura elementare delle cose,Carlo Rovelli,"Rovelli, Carlo",Giulio Giorello,"=""8860306418""","=""9788860306418""",5.0,Raffaello Cortina,Paperback,242,2014,2014,,2019/01/03,science,science (#3),read,,,,1,0
9682226,Qed. La strana teoria della luce e della materia,Richard P. Feynman,"Feynman, Richard P.",,"=""8845907198""","=""9788845907197""",4.0,Adelphi,Paperback,195,1989,1985,2018/04/01,2019/01/03,science,science (#2),read,,,,1,0
11084145,Steve Jobs,Walter Isaacson,"Isaacson, Walter",,"=""1451648537""","=""9781451648539""",4.0,Simon & Schuster,Hardcover,630,2011,2011,2013/04/01,2019/01/03,biographies,biographies (#1),read,,,,1,0
9682113,Storia dell'economia,John Kenneth Galbraith,"Galbraith, John Kenneth",Fausto Ghiaia,"=""8817115142""","=""9788817115148""",5.0,Rizzoli,Paperback,368,1990,1987,2019/01/04,2019/01/03,economy,economy (#1),read,,,,1,0
43522499,"Your Brain, Explained: What Neuroscience Reveals About Your Brain and its Quirks",Marc Dingman,"Dingman, Marc",,"=""1473696550""","=""9781473696556""",0,John Murray Business,Paperback,256,2019,2019,,2020/01/11,to-read,to-read (#37),to-read,,,,0,0
43608219,Fattore 1%: Piccole abitudini per grandi risultati,Luca Mazzucchelli,"Mazzucchelli, Luca",,"=""8809983432""","=""9788809983434""",0,Giunti,Kindle Edition,0,2019,,,2020/01/01,to-read,to-read (#36),to-read,,,,0,0
52670,"One, Two, Three...Infinity: Facts and Speculations of Science",George Gamow,"Gamow, George",,"=""0486256642""","=""9780486256641""",0,Dover Publications,Paperback,384,1988,1947,,2020/01/01,to-read,to-read (#35),to-read,,,,0,0
513367,In Search of Schrödinger's Cat: Quantum Physics and Reality,John Gribbin,"Gribbin, John",,"=""0553341030""","=""9780553342536""",0,Bantam,Paperback,320,1984,1984,,2020/01/01,to-read,to-read (#34),to-read,,,,0,0
64582,Chaos: Making a New Science,James Gleick,"Gleick, James",,"=""0140092501""","=""9780140092509""",0,Penguin Group,Paperback,352,1988,1987,,2020/01/01,to-read,to-read (#33),to-read,,,,0,0
108939,"The Trouble with Physics: The Rise of String Theory, the Fall of a Science and What Comes Next",Lee Smolin,"Smolin, Lee",,"=""0618551050""","=""9780618551057""",0,Houghton Mifflin Harcourt,Hardcover,392,2006,2006,,2020/01/01,to-read,to-read (#32),to-read,,,,0,0
181239,Metamagical Themas: Questing for the Essence of Mind and Pattern,Douglas R. Hofstadter,"Hofstadter, Douglas R.",,"=""0465045669""","=""9780465045662""",0,Basic Books,Paperback,852,1985,1985,,2020/01/01,to-read,to-read (#31),to-read,,,,0,0
150131,The First Three Minutes: A Modern View of the Origin of the Universe,Steven Weinberg,"Weinberg, Steven",,"=""0465024378""","=""9780465024377""",0,Basic Books,Paperback,224,1993,1977,,2019/12/20,to-read,to-read (#30),to-read,,,,0,0
695429,Gödel's Proof,Ernest Nagel,"Nagel, Ernest","James Roy Newman, Douglas R. Hofstadter","=""0814758169""","=""9780814758168""",0,NYU Press,Hardcover,125,2001,1958,,2019/12/20,to-read,to-read (#29),to-read,,,,0,0
6779,"Six Not So Easy Pieces: Einstein's Relativity, Symmetry, and Space-Time",Richard P. Feynman,"Feynman, Richard P.",Roger Penrose,"=""0465023932""","=""9780465023936""",0,Basic Books,Paperback,184,2005,1963,,2019/12/20,to-read,to-read (#28),to-read,,,,0,0
24113,"Gödel, Escher, Bach: An Eternal Golden Braid",Douglas R. Hofstadter,"Hofstadter, Douglas R.",,"=""0465026567""","=""9780465026562""",0,Basic Books,Paperback,777,1999,1979,,2019/12/19,to-read,to-read (#24),to-read,,,,0,0
204523,Wholeness and the Implicate Order,David Bohm,"Bohm, David",,"=""0415289793""","=""9780415289795""",0,Routledge,Paperback,284,2002,1980,,2019/12/20,to-read,to-read (#27),to-read,,,,0,0
95887,Eat That Frog! 21 Great Ways to Stop Procrastinating and Get More Done in Less Time,Brian Tracy,"Tracy, Brian",,"=""1576754227""","=""9781576754221""",0,Berrett-Koehler Publishers,Paperback,144,2006,2001,,2019/12/20,to-read,to-read (#26),to-read,,,,0,0
211099,"Losing My Virginity: How I've Survived, Had Fun, and Made a Fortune Doing Business My Way",Richard Branson,"Branson, Richard",,"=""0812932293""","=""9780812932294""",0,Crown Business,Paperback,416,1999,1998,,2019/12/20,to-read,to-read (#25),to-read,,,,0,0
56167,Feynman's Lost Lecture: The Motion of Planets Around the Sun,David Goodstein,"Goodstein, David","Judith R. Goodstein, Richard P. Feynman","=""0393039188""","=""9780393039184""",0,W. W. Norton & Company,Hardcover,192,1996,1996,,2019/12/19,to-read,to-read (#21),to-read,,,,0,0
31138556,Homo Deus: A History of Tomorrow,Yuval Noah Harari,"Harari, Yuval Noah",,"=""""","=""""",0,Harper,ebook,450,2017,2015,,2019/12/19,to-read,to-read (#23),to-read,,,,0,0
6996,No Ordinary Genius: The Illustrated Richard Feynman,Christopher Sykes,"Sykes, Christopher",Richard P. Feynman,"=""039331393X""","=""9780393313932""",0,W. W. Norton & Company,Paperback,274,1996,1965,,2019/12/19,to-read,to-read (#22),to-read,,,,0,0
25015516,Alan Turing: Storia di un enigma,Andrew Hodges,"Hodges, Andrew",David Mezzacapa,"=""8833926575""","=""9788833926575""",3.0,Bollati Boringhieri,Paperback,762,2014,1983,2014/01/01,2019/12/19,,,read,,,,1,0
9217295,Come io vedo il mondo/La teoria della relatività,Albert Einstein,"Einstein, Albert","Remo Valori, Aldo Pratelli","=""8879832050""","=""9788879832052""",2.0,Newton Compton,Paperback,212,2003,1985,2013/06/01,2019/12/19,,,read,,,,1,0
131304,Big Bang: The Origin of the Universe,Simon Singh,"Singh, Simon",,"=""0007162219""","=""9780007162215""",0,Harper Perennial,Paperback,532,2005,2004,,2019/12/19,to-read,to-read (#20),to-read,,,,0,0
38820046,21 Lessons for the 21st Century,Yuval Noah Harari,"Harari, Yuval Noah",,"=""0525512179""","=""9780525512172""",0,Random House,Hardcover,372,2018,2018,,2019/12/19,to-read,to-read (#19),to-read,,,,0,0
18050143,"Zero to One: Notes on Startups, or How to Build the Future",Peter Thiel,"Thiel, Peter",Blake  Masters,"=""0804139296""","=""9780804139298""",4.0,Crown Currency,Hardcover,195,2014,2014,2019/12/19,2019/01/03,,,read,,,,1,0
2544119,Fundamental Forces Of Nature: The Story Of Gauge Fields,Kerson Huang,"Huang, Kerson",,"=""9812706453""","=""9789812706454""",4.0,Wspc,Paperback,284,2007,2007,2019/09/01,2019/12/06,,,read,,,,1,0
38900866,It Doesn't Have to Be Crazy at Work: A Practical Guide to Sustainable Productivity Through Calm Company Culture and Effective Leadership,Jason Fried,"Fried, Jason",David Heinemeier Hansson,"=""0062874780""","=""9780062874788""",0,Harper Business,Hardcover,240,2018,2018,,2019/01/06,to-read,to-read (#18),to-read,,,,0,0
27213329,Grit: The Power of Passion and Perseverance,Angela Duckworth,"Duckworth, Angela",,"=""1443442313""","=""9781443442312""",0,Collins,Hardcover,277,2016,2016,,2019/01/06,to-read,to-read (#17),to-read,,,,0,0
1633,Getting Things Done: The Art of Stress-Free Productivity,David    Allen,"Allen, David",,"=""0142000280""","=""9780142000281""",0,Penguin Books,Paperback,267,2002,2001,,2019/01/06,to-read,to-read (#15),to-read,,,,0,0
69242,Made to Stick: Why Some Ideas Survive and Others Die,Chip Heath,"Heath, Chip",Dan Heath,"=""1400064287""","=""9781400064281""",0,Random House,Hardcover,291,2007,2006,,2019/01/06,to-read,to-read (#16),to-read,,,,0,0
31423133,Make Your Bed: Little Things That Can Change Your Life...And Maybe the World,William H. McRaven,"McRaven, William H.",,"=""""","=""""",0,Grand Central Publishing,Audible Audio,2,2017,2017,,2019/01/06,to-read,to-read (#14),to-read,,,,0,0
8049273,"The Elegant Universe: Superstrings, Hidden Dimensions, and the Quest for the Ultimate Theory",Brian Greene,"Greene, Brian",,"=""039333810X""","=""9780393338102""",0,W. W. Norton & Company,Paperback,464,2010,1999,,2019/01/04,to-read,to-read (#13),to-read,,,,0,0
3869,A Brief History of Time,Stephen W. Hawking,"Hawking, Stephen W.",,"=""0553380168""","=""9780553380163""",0,Bantam Books,Paperback,226,1998,1988,,2019/01/04,to-read,to-read (#12),to-read,,,,0,0
150129,Dreams of a Final Theory: The Scientist's Search for the Ultimate Laws of Nature,Steven Weinberg,"Weinberg, Steven",,"=""0679744088""","=""9780679744085""",0,Knopf Doubleday Publishing Group,Paperback,340,1994,1987,,2019/01/04,to-read,to-read (#11),to-read,,,,0,0
998,The Millionaire Next Door: The Surprising Secrets of America's Wealthy,Thomas J. Stanley,"Stanley, Thomas J.",William D. Danko,"=""0671015206""","=""9780671015206""",0,Gallery Books,Paperback,258,1998,,,2019/01/03,to-read,to-read (#10),to-read,,,,0,0
84699,"Never Eat Alone: And Other Secrets to Success, One Relationship at a Time",Keith Ferrazzi,"Ferrazzi, Keith",Tahl Raz,"=""0385512058""","=""9780385512053""",0,Crown Business,Hardcover,309,2005,2005,,2019/01/03,to-read,to-read (#9),to-read,,,,0,0
763362,The One Minute Manager,Kenneth H. Blanchard,"Blanchard, Kenneth H.",Spencer Johnson,"=""0688014291""","=""9780688014292""",0,William Morrow,Hardcover,111,2003,1981,,2019/01/03,to-read,to-read (#8),to-read,,,,0,0
6452796,Drive: The Surprising Truth About What Motivates Us,Daniel H. Pink,"Pink, Daniel H.",,"=""1594488843""","=""9781594488849""",0,Riverhead Books,Hardcover,242,2009,2009,,2019/01/03,to-read,to-read (#7),to-read,,,,0,0
28815,Influence: The Psychology of Persuasion,Robert B. Cialdini,"Cialdini, Robert B.",,"=""006124189X""","=""9780061241895""",0,Harper Business,Paperback,320,2006,1984,,2019/01/03,to-read,to-read (#6),to-read,,,,0,0
35820369,The Rise and Fall of the Dinosaurs: A New History of a Lost World,Steve Brusatte,"Brusatte, Steve",,"=""0062490427""","=""9780062490421""",0,Mariner Books,Hardcover,404,2018,2018,,2019/01/03,to-read,to-read (#5),to-read,,,,0,0
36205015,"The Space Barons: Elon Musk, Jeff Bezos, and the Quest to Colonize the Cosmos",Christian Davenport,"Davenport, Christian",,"=""1610398297""","=""9781610398299""",0,PublicAffairs,Hardcover,320,2018,2018,,2019/01/03,to-read,to-read (#3),to-read,,,,0,0
35604796,What Is Real?: The Unfinished Quest for the Meaning of Quantum Physics,Adam  Becker,"Becker, Adam",,"=""0465096050""","=""9780465096053""",0,Basic Books,Hardcover,384,2018,2018,,2019/01/03,to-read,to-read (#2),to-read,,,,0,0
35412097,When: The Scientific Secrets of Perfect Timing,Daniel H. Pink,"Pink, Daniel H.",,"=""0735210624""","=""9780735210622""",0,Riverhead Books,Hardcover,272,2018,2018,,2019/01/03,to-read,to-read (#1),to-read,,,,0,0
